utc,coin,side,met,price
2026-09-16 23:53,ZEC,breakout-long,-,1290.17
2026-09-17 00:22,SOL,long,6,98.54
2026-09-17 00:22,LINK,long,6,11.05115
2026-09-17 00:22,UNI,sniper-long,6,6.6986
2026-09-17 01:16,BTC,long,5,76276.2
2026-09-17 02:16,ETH,long,5,2425.52
2026-09-17 04:17,NEAR,breakout-long,-,2.6941
2026-09-17 10:16,LINK,long,5,11.12253
2026-09-17 16:17,UNI,breakout-long,-,7.1159
2026-09-17 20:17,SOL,sniper-long,5,100.88
2026-09-17 20:17,XLM,sniper-long,5,0.186122
2026-09-18 04:16,LINK,sniper-long,6,11.75775
2026-09-18 04:16,HBAR,sniper-long,5,0.07729
2026-09-18 06:40,SOL,scalp-pullback-long,85,105.58
2026-09-18 08:09,BTC,sniper-long,5,77727.4
2026-09-18 08:09,ETH,sniper-long,6,2487.85
2026-09-18 08:25,ETH,scalp-breakout-long,98,2502.1
2026-09-18 09:55,SOL,scalp-pullback-long,85,106.3
2026-09-18 13:41,BTC,scalp-breakout-long,85,78896.2
2026-09-18 13:41,ETH,scalp-breakout-long,96,2527.58
2026-09-18 13:41,SOL,scalp-breakout-long,98,107.61
2026-09-18 16:08,ETH,breakout-long,-,2582.73
2026-09-18 16:08,XRP,sniper-long,6,1.38386
2026-09-18 16:08,LINK,breakout-long,-,12.13888
2026-09-18 18:35,BTC,scalp-pullback-long,85,80989.9
2026-09-18 18:35,ETH,scalp-breakout-long,94,2620.49
2026-09-18 18:35,ZEC,scalp-pullback-short,85,1446.39
2026-09-18 20:45,ZEC,scalp-breakout-long,82,1493.02
2026-09-18 23:00,ZEC,scalp-breakout-long,85,1549.61
2026-09-18 23:07,ETH,scalp-breakdown-short,85,2615.49
2026-09-19 08:25,ZEC,scalp-pullback-long,85,1568.49
2026-09-19 08:40,ETH,scalp-burst-long,89,2651.73
2026-09-19 09:10,BTC,scalp-breakout-long,86,81430.7
2026-09-19 11:00,ZEC,scalp-breakdown-short,85,1531.13
2026-09-19 14:20,BTC,scalp-breakout-long,100,81447.4
2026-09-19 14:35,ZEC,scalp-pullback-short,85,1526.83
2026-09-19 16:08,ZEC,scalp-breakdown-short,90,1512.81
2026-09-19 16:08,XLM,breakout-long,-,0.198298
2026-09-19 16:08,HBAR,breakout-long,-,0.08107
2026-09-19 18:14,SOL,scalp-burst-short,82,110.83
2026-09-19 20:50,BTC,scalp-breakdown-short,85,81190.9
2026-09-19 21:15,ETH,scalp-breakdown-short,85,2624.21
2026-09-19 21:15,ZEC,scalp-pullback-short,85,1469.63
2026-09-20 01:35,ETH,scalp-breakdown-short,94,2617.38
2026-09-20 01:50,SOL,scalp-burst-short,86,109.93
2026-09-20 02:31,BTC,scalp-breakdown-short,94,80948.2
2026-09-20 03:08,ETH,scalp-burst-short,94,2575.37
2026-09-20 04:20,BTC,scalp-pullback-short,85,80347.1
2026-09-20 05:20,ETH,scalp-pullback-short,85,2577.95
2026-09-20 05:24,ZEC,scalp-pullback-short,85,1446.4
2026-09-20 08:45,SOL,scalp-breakdown-short,90,107.92
2026-09-20 15:20,ETH,scalp-burst-long,85,2599.39
2026-09-20 16:30,BTC,scalp-burst-long,82,81161.3
2026-09-20 16:35,SOL,scalp-breakout-long,85,109.92
2026-09-20 17:07,ETH,scalp-burst-long,95,2646.25
2026-09-20 18:25,ZEC,scalp-breakout-long,85,1478.85
2026-09-21 00:11,ZEC,scalp-pullback-long,85,1522.83
2026-09-21 00:15,ETH,scalp-breakout-long,100,2676.75
2026-09-21 00:25,SOL,scalp-burst-long,89,112.6
2026-09-21 04:08,ETH,breakout-long,-,2665.34
2026-09-21 05:30,BTC,scalp-breakout-long,82,81577.0
2026-09-21 05:35,SOL,scalp-breakout-long,92,112.19
2026-09-21 08:25,SOL,scalp-breakout-long,88,113.26
2026-09-21 08:30,BTC,scalp-breakout-long,91,82230.1
2026-09-21 08:40,ETH,scalp-breakout-long,88,2698.79
2026-09-21 09:01,ZEC,scalp-breakout-long,90,1523.18
2026-09-21 11:10,ETH,scalp-pullback-long,85,2720.3
2026-09-21 11:30,ZEC,scalp-pullback-long,85,1543.82
2026-09-21 12:10,LINK,breakout-long,-,13.04532
2026-09-21 12:10,XLM,breakout-long,-,0.210428
2026-09-21 13:00,ETH,scalp-pullback-long,85,2734.33
2026-09-21 13:05,SOL,scalp-pullback-long,85,116.89
2026-09-21 13:50,BTC,scalp-pullback-long,85,85393.7
2026-09-21 15:30,ZEC,scalp-breakdown-short,85,1495.88
2026-09-21 16:20,ETH,scalp-pullback-long,85,2763.5
2026-09-21 17:40,BTC,scalp-pullback-long,85,85903.3
2026-09-21 19:20,BTC,scalp-breakout-long,96,86300.0
2026-09-21 20:20,ETH,scalp-breakout-long,92,2794.27
2026-09-21 20:20,SOL,scalp-breakout-long,86,118.91
2026-09-21 22:15,SOL,scalp-pullback-long,85,119.43
2026-09-22 01:00,BTC,scalp-breakdown-short,85,85880.1
2026-09-22 01:00,ETH,scalp-breakdown-short,85,2753.63
2026-09-22 01:05,SOL,scalp-breakdown-short,85,117.66
2026-09-22 02:20,ZEC,scalp-breakdown-short,90,1448.08
2026-09-22 02:55,SOL,scalp-breakdown-short,85,116.88
2026-09-22 03:10,ETH,scalp-breakdown-short,85,2734.0
2026-09-22 05:00,ETH,scalp-pullback-short,85,2728.21
2026-09-22 05:20,BTC,scalp-breakdown-short,91,85207.6
2026-09-22 05:20,SOL,scalp-breakdown-short,100,115.77
2026-09-22 08:45,BTC,scalp-breakout-long,82,86126.9
2026-09-22 08:50,ETH,scalp-breakout-long,84,2750.94
2026-09-22 12:20,ZEC,scalp-breakout-long,100,1536.72
2026-09-22 15:45,BTC,scalp-breakout-long,88,86548.2
2026-09-22 15:45,ZEC,scalp-pullback-long,85,1549.06
2026-09-22 18:20,SOL,scalp-breakout-long,87,118.26
2026-09-22 19:31,ETH,scalp-breakout-long,97,2763.69
2026-09-22 22:35,ZEC,scalp-breakout-long,100,1547.97
2026-09-22 22:45,SOL,scalp-breakout-long,82,118.67
2026-09-22 23:10,BTC,scalp-breakout-long,85,86485.1
2026-09-22 23:10,ETH,scalp-breakout-long,93,2768.07
2026-09-23 00:11,ZEC,breakout-long,-,1629.92
2026-09-23 03:45,ETH,scalp-breakout-long,100,2782.12
2026-09-23 03:45,SOL,scalp-breakout-long,100,119.61
2026-09-23 03:45,ZEC,scalp-pullback-long,85,1614.32
2026-09-23 04:25,BTC,scalp-breakout-long,100,87110.8
2026-09-23 08:50,BTC,scalp-breakdown-short,100,85815.2
2026-09-23 09:20,ETH,scalp-pullback-short,85,2737.85
2026-09-23 09:30,SOL,scalp-pullback-short,85,117.48
2026-09-23 09:35,ZEC,scalp-breakdown-short,81,1604.13
2026-09-23 11:25,BTC,scalp-breakdown-short,95,85558.6
2026-09-23 11:40,ETH,scalp-breakdown-short,100,2717.76
2026-09-23 13:10,SOL,scalp-breakdown-short,90,116.13
2026-09-23 14:10,ETH,scalp-breakdown-short,98,2698.68
2026-09-23 14:15,BTC,scalp-breakdown-short,90,84859.7
2026-09-23 14:20,ZEC,scalp-burst-short,85,1555.36
2026-09-23 16:09,BTC,shift-short,5,83996.0
2026-09-23 16:09,LINK,shift-short,6,12.18735
2026-09-23 16:50,ETH,scalp-pullback-short,85,2658.9
2026-09-23 17:10,BTC,scalp-pullback-short,85,83877.7
2026-09-23 18:25,SOL,scalp-pullback-short,85,114.18
2026-09-23 19:45,ZEC,scalp-pullback-short,85,1509.74
2026-09-23 19:50,ETH,scalp-breakout-long,81,2679.54
2026-09-23 20:09,ZEC,shift-short,6,1514.99
2026-09-23 20:09,XLM,shift-short,5,0.201656
2026-09-23 22:10,BTC,scalp-breakout-long,82,84583.0
2026-09-23 22:30,ZEC,scalp-breakdown-short,100,1488.45
2026-09-24 00:27,BTC,shift-short,5,84384.6
2026-09-24 04:21,ZEC,shift-short,7,1502.63
2026-09-24 04:21,XLM,shift-short,6,0.200814
2026-09-24 08:48,XRP,shift-short,5,1.50635
2026-09-24 12:51,BTC,shift-short,5,83461.7
2026-09-24 16:22,XLM,shift-long,5,0.208384
2026-09-25 04:21,BTC,shift-short,5,84211.2
2026-09-25 12:02,SOL,long,B+ 4/5 wait,120.8
2026-09-25 12:02,LINK,breakout-long,-,14.08196
2026-09-25 12:02,NEAR,breakout-long,-,5.0282
2026-09-25 16:22,ZEC,shift-short,5,1544.6
2026-09-25 17:34,BTC,shift-short,5,83777.5
2026-09-26 01:16,ZEC,shift-short,5,1555.32
2026-09-26 09:17,ZEC,shift-short,6,1533.42
2026-09-26 12:21,XRP,shift-short,5,1.5464
2026-09-26 17:16,LTC,shift-short,5,72.99
2026-09-26 20:29,XRP,shift-short,5,1.52301
2026-09-26 22:21,ZEC,impulse-long,-,1682.86
2026-09-27 00:26,ZEC,breakout-long,-,1653.15
2026-09-27 04:18,DOGE,shift-short,5,0.096128
2026-09-27 04:18,LTC,shift-short,5,71.36
2026-09-27 04:18,kSHIB,shift-short,6,0.005878
2026-09-27 04:32,XRP,shift-short,5,1.51516
2026-09-27 06:23,NEAR,impulse-long,-,5.3854
2026-09-27 08:18,HYPE,shift-long,5,93.33
2026-09-27 08:18,SOL,impulse-long,-,124.07
2026-09-27 08:18,SUI,impulse-long,-,1.2637
2026-09-27 12:22,VVV,shift-long,5,31.232
2026-09-27 12:22,WLD,breakout-long,-,0.5787
2026-09-27 13:18,LTC,shift-short,5,71.63
2026-09-27 16:44,kSHIB,shift-short,5,0.0059
2026-09-28 00:51,LTC,shift-short,5,71.28
2026-09-28 01:01,LTC,impulse-short,-,70.14
2026-09-28 01:18,DOGE,shift-short,6,0.096834
2026-09-28 02:18,ETH,impulse-short,-,2657.25
2026-09-28 04:00,SOL,shift-short,5,119.8
2026-09-28 04:00,ZEC,shift-short,5,1555.64
2026-09-28 04:00,LINK,shift-short,5,13.89684
2026-09-28 04:00,kSHIB,shift-short,5,0.005713
2026-09-28 04:00,ADA,shift-short,5,0.249995
2026-09-28 06:27,Gold,breakout-short,-,4230.5
2026-09-28 06:27,Silver,short,B+ 4/5 actionable,62.005001068115234
2026-09-28 06:27,Silver,breakout-short,-,62.470001220703125
2026-09-28 08:01,SUI,shift-short,7,1.1779
2026-09-28 08:01,WLD,shift-short,5,0.5091
2026-09-28 08:01,AAVE,shift-short,5,146.97
2026-09-28 08:59,LTC,shift-short,7,70.25
2026-09-28 10:59,Silver,short,B+ 4/5 actionable,61.744998931884766
2026-09-28 12:25,ETH,impulse-noadd-short,-,-
2026-09-28 13:21,LINK,impulse-long,-,14.75983
2026-09-28 15:02,BTC,long,B+ 4/5 wait,82998.6
2026-09-28 15:02,HYPE,impulse-short,-,87.44
2026-09-28 15:02,SOL,shift-short,5,118.67
2026-09-28 15:02,ZEC,shift-short,6,1567.49
2026-09-28 15:02,VVV,impulse-short,-,26.786
2026-09-28 15:02,ADA,impulse-short,-,0.240884
2026-09-28 15:02,WLD,impulse-short,-,0.4869
2026-09-28 15:02,AAVE,impulse-short,-,145.28
2026-09-28 15:22,Platinum,impulse-short,-,1729.300048828125
2026-09-28 16:00,ETH,shift-long,5,2677.98
2026-09-28 16:00,HYPE,impulse-add-short,-,88.3
2026-09-28 16:00,NEAR,shift-short,6,4.906
2026-09-28 16:00,VVV,impulse-add-short,-,26.962
2026-09-28 16:00,WLD,impulse-add-short,-,0.4878
2026-09-28 16:00,AAVE,impulse-add-short,-,145.98
2026-09-28 16:00,Palladium,breakout-short,-,1217.0
2026-09-28 17:19,LTC,shift-short,6,70.11
2026-09-28 18:50,SUI,shift-short,7,1.1502
2026-09-28 18:50,Gold,breakout-short,-,4156.39990234375
2026-09-28 19:18,WLD,shift-short,6,0.4878
2026-09-28 20:18,ZEC,impulse-short,-,1449.38
2026-09-28 20:18,LINK,breakout-long,-,15.09959
2026-09-29 00:10,ZEC,impulse-add-short-muted,-,1482.97
2026-09-29 01:03,NEAR,shift-short-muted,7,4.82
2026-09-29 01:32,LTC,shift-short-muted,6,69.21
2026-09-29 02:17,kSHIB,impulse-short-muted,-,0.005555
2026-09-29 02:30,ZEC,impulse-short-muted,-,1402.58
2026-09-29 02:57,SUI,shift-short-muted,7,1.1669
2026-09-29 03:19,WLD,shift-short-muted,7,0.491
2026-09-29 05:19,LINK,long,B+ 4/5 wait muted,14.75001
2026-09-29 08:01,AAVE,breakout-long,-,163.75
2026-09-29 08:01,AAVE,impulse-long-muted,-,163.75
2026-09-29 12:25,XRP,shift-long-muted,5,1.5165
2026-09-29 12:25,kSHIB,shift-long-muted,6,0.005834000000000001
2026-09-29 12:25,WLD,long,B+ 4/5 wait muted,0.5059
2026-09-29 12:53,BTC,shift-long-muted,5,84324.2
2026-09-29 12:53,BNB,shift-long-muted,5,766.5
2026-09-29 13:23,XRP,impulse-long-muted,-,1.54736
2026-09-29 13:23,ADA,shift-long-muted,5,0.253713
2026-09-29 15:59,SUI,shift-short-muted,6,1.1366
2026-09-29 16:22,ETH,shift-short-muted,5,2673.6
2026-09-29 16:22,NEAR,shift-long-muted,5,4.9654
2026-09-29 19:01,Palladium,short,B+ 4/5 wait muted,1229.0
2026-09-29 20:20,AAVE,impulse-noadd-long-muted,-,-
2026-09-29 23:44,LINK,shift-short-muted,5,14.64
2026-09-30 00:27,ETH,shift-short-muted,6,2676.7
2026-09-30 04:00,AAVE,shift-short-muted,5,159.52
2026-09-30 04:21,BNB,shift-long-muted,6,760.09
2026-09-30 07:59,LINK,shift-short-muted,5,14.29941
2026-09-30 07:59,Palladium,shift-long-muted,5,1244.0
2026-09-30 09:00,kSHIB,shift-long-muted,5,0.0057740000000000005
2026-09-30 12:28,BNB,shift-long-muted,6,769.43
2026-09-30 12:28,Gold,shift-long-muted,5,4218.2998046875
2026-09-30 12:54,XRP,shift-long-muted,5,1.51531
2026-09-30 13:22,BTC,impulse-long-muted,-,85261.7
2026-09-30 13:22,SOL,impulse-long-muted,-,121.86
2026-09-30 13:22,DOGE,impulse-long-muted,-,0.0972744
2026-09-30 13:22,kSHIB,impulse-long-muted,-,0.005947999999999999
2026-09-30 13:22,Gold,impulse-long-muted,-,4240.2001953125
2026-09-30 14:51,AAVE,shift-short-muted,5,161.64
2026-09-30 16:02,BTC,shift-long-muted,5,84084.9
2026-09-30 16:02,LINK,shift-short-muted,6,14.24475
2026-09-30 16:02,VVV,shift-long-muted,5,28.178
2026-09-30 16:02,Silver,short,B+ 4/5 wait muted,60.625
2026-09-30 16:02,Silver,breakout-short,-,60.625
2026-09-30 16:23,HYPE,shift-long-muted,6,87.72
2026-09-30 23:17,BNB,shift-long-muted,5,765.16
2026-10-01 02:34,LINK,shift-short-muted,5,14.36174
2026-10-01 10:37,LINK,shift-short-muted,5,14.21719
2026-10-01 10:51,HYPE,shift-long-muted,5,88.87
2026-10-01 12:26,Platinum,shift-long-muted,5,1741.4000244140625
2026-10-01 15:59,WLD,shift-short-muted,5,0.4881
2026-10-01 15:59,Palladium,breakout-short,-,1182.0
2026-10-01 16:20,NEAR,shift-short-muted,6,4.9161
2026-10-01 17:01,ZEC,impulse-short-muted,-,1342.15
2026-10-01 20:20,Palladium,short,B+ 4/5 wait muted,1189.5
2026-10-02 00:27,SOL,shift-long-muted,5,118.39
2026-10-02 00:27,kSHIB,shift-long-muted,5,0.005793
2026-10-02 00:27,Platinum,shift-long-muted,5,1736.199951171875
2026-10-02 04:00,HYPE,shift-long-muted,6,88.91
2026-10-02 04:36,LTC,shift-long-muted,5,68.84
2026-10-02 05:00,BTC,impulse-long-muted,-,86628.3
2026-10-02 05:00,SOL,impulse-long-muted,-,123.45
2026-10-02 05:00,AAVE,impulse-long-muted,-,186.26
2026-10-02 08:01,BTC,breakout-long-muted,-,86071.5
2026-10-02 08:01,BTC,impulse-add-long-muted,-,86071.5
2026-10-02 08:01,LTC,breakout-long,-,70.2
2026-10-02 08:01,AAVE,breakout-long-muted,-,183.94
2026-10-02 08:01,AAVE,impulse-add-long-muted,-,183.94
2026-10-02 09:21,VVV,impulse-long-muted,-,29.439
2026-10-02 12:24,VVV,long,B+ 4/5 wait muted,29.985
2026-10-02 12:24,VVV,breakout-long,-,29.985
2026-10-02 12:24,Platinum,shift-short-muted,5,1734.9000244140625
2026-10-02 13:21,Silver,impulse-long-muted,-,62.05500030517578
