coin,kind,side,score,t,entry,stop,target,adx,va,ob,flow,adx25,aligned,va_with,ob_ok,flow_with,solo,best,time_utc,plan_outcome,plan_r,plan_pnl,plan_mfe_r,plan_hours,partial_outcome,partial_r,partial_pnl,partial_mfe_r,partial_hours,wide_outcome,wide_r,wide_pnl,wide_mfe_r,wide_hours
BTC,impulse,short,-,1788876000,77932.6,78340.57342454483,77116.65315091037,15.3,balance,in-against,outflow,False,False,False,False,True,True,False,2026-09-08 14:00,loss,-1.507,-3.01,0.13,1.0,loss,-1.507,-3.01,0.13,1.0,loss,-1.339,-2.68,0.09,1.0
BTC,impulse_fade,long,-,1788876000,77932.6,77435.42657545517,78166.6,15.3,balance,in-with,outflow,False,True,False,True,False,True,False,2026-09-08 14:00,win,0.014,0.03,1.15,1.0,breakeven,0.114,0.23,1.15,1.0,win,0.131,0.26,0.76,1.0
BTC,impulse,short,-,1789045200,76867.2,77788.95832900889,75023.6833419822,17.9,probe_down,none,outflow,False,False,False,True,True,True,False,2026-09-10 13:00,loss,-1.234,-2.47,0.86,24.0,loss,-1.234,-2.47,0.86,24.0,loss,-1.156,-2.31,0.58,25.0
BTC,impulse_fade,long,-,1789045200,76867.2,76497.4416709911,77609.4,17.9,probe_down,none,outflow,False,True,False,True,False,True,False,2026-09-10 13:00,loss,-1.545,-3.09,1.49,11.0,breakeven,0.0,0.0,1.21,4.0,loss,-1.362,-2.72,1.95,24.0
BTC,impulse,long,-,1789354800,77565.8,77336.56105652703,78024.27788694594,17.5,balance,none,outflow,False,True,False,True,False,True,False,2026-09-14 03:00,win,0.869,1.74,2.74,7.0,breakeven,-0.268,-0.54,2.74,7.0,breakeven,-0.012,-0.02,1.83,7.0
BTC,impulse_fade,short,-,1789354800,77565.8,77803.43894347297,77490.0,17.5,balance,none,outflow,False,False,False,True,True,True,False,2026-09-14 03:00,loss,-1.815,-3.63,0.1,1.0,loss,-1.815,-3.63,0.1,1.0,win,-0.315,-0.63,0.18,3.0
BTC,grade,long,B+,1789401600,78553.6,77728.7344643345,79453.74444444446,15.6,balance,none,heavy inflow,False,True,False,True,True,True,False,2026-09-14 16:00,win,0.777,1.55,1.14,5.0,win,0.779,1.56,1.14,5.0,loss,-1.174,-2.35,0.76,14.0
BTC,impulse,long,-,1789740000,80004.6,78205.32242442154,83603.15515115694,24.1,probe_up,blocked,inflow,False,True,False,False,True,True,False,2026-09-18 14:00,win,1.828,3.66,2.25,67.0,win,1.361,2.72,2.25,67.0,win,1.396,2.79,1.95,71.0
BTC,impulse_fade,short,-,1789740000,80004.6,80641.17757557846,78414.5,24.1,probe_up,near-with,inflow,False,False,False,True,False,True,False,2026-09-18 14:00,loss,-1.345,-2.69,0.0,1.0,loss,-1.345,-2.69,0.0,1.0,loss,-1.23,-2.46,0.0,2.0
BTC,breakout,long,-,1789747200,80693.8,77911.09878821144,86259.20242357712,26.2,probe_up,in-against,heavy inflow,True,True,False,False,True,True,True,2026-09-18 16:00,win,1.886,3.77,1.98,72.0,win,1.408,2.82,1.98,72.0,time,0.808,1.62,1.59,168.0
BTC,grade,long,B+,1789761600,81190.7,79379.98346382123,82450.925,28.3,imbalance_up,in-against,heavy inflow,True,True,True,False,True,True,True,2026-09-18 20:00,win,0.553,1.11,1.59,61.0,win,0.723,1.45,1.59,61.0,win,0.758,1.52,1.06,61.0
BTC,impulse_fade,short,-,1789981200,83747.0,84380.76815605561,82074.0,38.5,probe_up,none,inflow,True,False,False,True,False,True,False,2026-09-21 09:00,loss,-1.361,-2.72,0.04,1.0,loss,-1.361,-2.72,0.04,1.0,loss,-1.241,-2.48,0.03,1.0
BTC,impulse_fade,short,-,1789984800,84639.0,85453.86815605561,84182.9,38.5,probe_up,none,inflow,True,False,False,True,False,True,False,2026-09-21 10:00,win,0.246,0.49,0.55,1.0,win,0.246,0.49,0.55,1.0,loss,-1.193,-2.39,0.37,5.0
BTC,impulse,short,-,1790175600,84517.1,85266.75900982137,83017.78198035728,51.5,imbalance_up,none,inflow,True,False,False,True,False,True,False,2026-09-23 15:00,win,1.586,3.17,2.07,19.0,breakeven,0.218,0.44,1.23,5.0,breakeven,0.312,0.62,1.04,18.0
BTC,impulse_fade,long,-,1790175600,84517.1,83582.24099017863,85020.5,51.5,imbalance_up,none,inflow,True,True,True,True,True,True,True,2026-09-23 15:00,loss,-1.249,-2.5,0.23,2.0,loss,-1.249,-2.5,0.23,2.0,loss,-1.166,-2.33,0.15,19.0
BTC,grade,long,B+,1790607600,82998.6,81873.2477941906,83658.6,16.3,imbalance_down,none,inflow,False,True,False,True,True,True,False,2026-09-28 15:00,win,0.359,0.72,0.96,2.0,win,0.359,0.72,0.96,2.0,win,0.416,0.83,0.64,2.0
BTC,impulse,long,-,1790773200,85261.7,84320.9810320516,87143.1379358968,9.8,probe_up,blocked,outflow,False,True,False,False,False,True,False,2026-09-30 13:00,loss,-1.25,-2.5,0.3,1.0,loss,-1.25,-2.5,0.3,1.0,loss,-1.166,-2.33,0.2,2.0
BTC,impulse_fade,short,-,1790773200,85261.7,85686.0189679484,84527.1,9.8,probe_up,none,outflow,False,False,False,True,True,True,False,2026-09-30 13:00,win,1.046,2.09,2.59,1.0,breakeven,0.017,0.03,2.59,1.0,breakeven,0.178,0.36,1.73,1.0
BTC,impulse,long,-,1790917200,86628.3,85385.09669619966,89114.70660760069,24.2,imbalance_up,in-against,inflow,False,True,True,False,True,True,False,2026-10-02 05:00,loss,-1.194,-2.39,0.43,10.0,loss,-1.194,-2.39,0.43,10.0,loss,-1.129,-2.26,0.29,13.0
BTC,impulse_fade,short,-,1790917200,86628.3,87084.70330380034,85604.0,24.2,imbalance_up,in-with,inflow,False,False,False,True,False,True,False,2026-10-02 05:00,loss,-1.504,-3.01,1.69,8.0,breakeven,0.041,0.08,1.44,1.0,breakeven,0.194,0.39,1.12,4.0
BTC,breakout,long,-,1790928000,86071.5,85146.12957865652,87922.24084268697,27.0,imbalance_up,in-against,inflow,True,True,True,False,True,True,True,2026-10-02 08:00,loss,-1.256,-2.51,1.15,8.0,breakeven,0.264,0.53,1.15,7.0,loss,-1.17,-2.34,0.77,10.0
ETH,impulse,short,-,1789045200,2413.7,2448.3914909338027,2344.317018132394,9.0,probe_down,in-against,outflow,False,False,False,False,True,False,False,2026-09-10 13:00,loss,-1.197,-2.39,0.21,4.0,loss,-1.197,-2.39,0.21,4.0,loss,-1.132,-2.26,0.14,5.0
ETH,impulse_fade,long,-,1789045200,2413.7,2402.6085090661973,2441.0,9.0,probe_down,in-with,outflow,False,True,False,True,False,False,False,2026-09-10 13:00,win,1.648,3.3,2.33,2.0,breakeven,-0.021,-0.04,1.73,1.0,breakeven,0.153,0.31,1.16,1.0
ETH,impulse,long,-,1789135200,2629.57,2512.213713252357,2864.282573495286,14.6,probe_up,none,neutral,False,True,False,True,False,True,False,2026-09-11 14:00,loss,-1.063,-2.13,0.29,9.0,loss,-1.063,-2.13,0.29,9.0,loss,-1.041,-2.08,0.19,96.0
ETH,impulse_fade,short,-,1789135200,2629.57,2652.866286747643,2520.14,14.6,probe_up,none,neutral,False,False,False,True,False,True,False,2026-09-11 14:00,loss,-1.311,-2.62,1.65,1.0,loss,-1.311,-2.62,1.65,1.0,breakeven,0.312,0.62,1.1,1.0
ETH,breakout,long,-,1789142400,2559.01,2499.7668960400924,2677.496207919816,17.1,probe_up,none,neutral,False,True,False,True,False,True,False,2026-09-11 16:00,loss,-1.121,-2.24,0.37,41.0,loss,-1.121,-2.24,0.37,41.0,loss,-1.08,-2.16,0.25,43.0
ETH,grade,long,B+,1789142400,2559.01,2490.186519352912,2748.95048,17.1,probe_up,none,neutral,False,True,False,True,False,False,False,2026-09-11 16:00,loss,-1.104,-2.21,0.32,41.0,loss,-1.104,-2.21,0.32,41.0,loss,-1.069,-2.14,0.51,94.0
ETH,impulse,short,-,1789484400,2406.5,2440.061559056964,2339.3768818860717,17.8,probe_down,in-against,outflow,False,False,False,False,True,True,False,2026-09-15 15:00,loss,-1.202,-2.4,0.28,3.0,loss,-1.202,-2.4,0.28,3.0,loss,-1.135,-2.27,0.94,46.0
ETH,impulse_fade,long,-,1789484400,2406.5,2378.938440943036,2431.0,17.8,probe_down,in-with,outflow,False,True,False,True,False,True,False,2026-09-15 15:00,win,0.608,1.22,0.82,1.0,win,0.608,1.22,0.82,1.0,win,0.77,1.54,1.06,3.0
ETH,breakout,long,-,1789747200,2582.73,2498.070030478894,2752.0499390422124,19.4,probe_up,none,heavy inflow,False,True,False,True,True,False,False,2026-09-18 16:00,win,1.88,3.76,2.01,71.0,win,1.404,2.81,2.01,71.0,time,0.842,1.68,1.73,168.0
ETH,grade,long,B+,1789747200,2582.73,2522.5600609577873,2664.81,19.4,probe_up,none,heavy inflow,False,True,False,True,True,False,False,2026-09-18 16:00,win,1.212,2.42,1.32,26.0,win,1.055,2.11,1.32,26.0,win,1.089,2.18,1.33,57.0
ETH,impulse,long,-,1789952400,2689.1,2655.4549973205,2756.390005359,34.5,imbalance_up,none,inflow,True,True,True,True,True,True,True,2026-09-21 01:00,loss,-1.221,-2.44,0.29,1.0,loss,-1.221,-2.44,0.29,1.0,win,1.318,2.64,2.21,20.0
ETH,impulse_fade,short,-,1789952400,2689.1,2715.8150026795,2665.0,34.5,imbalance_up,none,inflow,True,False,False,True,False,True,False,2026-09-21 01:00,win,0.582,1.16,1.61,1.0,breakeven,0.247,0.49,1.61,1.0,breakeven,0.331,0.66,1.07,1.0
ETH,grade,long,B+,1789977600,2661.1,2620.8282560645807,2801.68488,36.9,imbalance_up,none,inflow,True,True,True,True,True,True,True,2026-09-21 08:00,win,3.19,6.38,3.47,13.0,breakeven,0.33,0.66,1.18,1.0,breakeven,0.386,0.77,2.31,55.0
ETH,impulse,short,-,1790175600,2675.44,2716.8193519477136,2592.681296104573,45.6,balance,in-against,inflow,True,False,False,False,False,False,False,2026-09-23 15:00,loss,-1.183,-2.37,1.09,43.0,breakeven,0.335,0.67,1.09,23.0,loss,-1.123,-2.25,0.72,45.0
ETH,impulse_fade,long,-,1790175600,2675.44,2635.790648052286,2706.39,45.6,balance,in-with,inflow,True,True,False,True,True,False,False,2026-09-23 15:00,loss,-1.188,-2.38,0.18,2.0,loss,-1.188,-2.38,0.18,2.0,win,0.756,1.51,1.07,45.0
ETH,impulse,short,-,1790560800,2657.25,2670.359182015334,2631.0316359693315,15.3,balance,in-against,inflow,False,False,False,False,False,True,False,2026-09-28 02:00,loss,-1.535,-3.07,1.41,11.0,breakeven,0.013,0.03,1.41,4.0,loss,-1.357,-2.71,0.94,11.0
ETH,impulse_fade,long,-,1790560800,2657.25,2642.400817984666,2663.17,15.3,balance,in-with,inflow,False,True,False,True,True,True,False,2026-09-28 02:00,loss,-1.475,-2.95,0.22,2.0,loss,-1.475,-2.95,0.22,2.0,win,0.021,0.04,0.41,10.0
HYPE,grade,long,B+,1788883200,83.94,81.94034829097387,85.09666666666668,14.9,balance,near-with,neutral,False,True,False,True,False,True,False,2026-09-08 16:00,win,0.447,0.89,0.57,8.0,win,0.447,0.89,0.57,8.0,win,0.48,0.96,0.6,9.0
HYPE,impulse,short,-,1789045200,80.7,81.9972050940215,78.10558981195702,17.0,probe_down,none,neutral,False,False,False,True,False,False,False,2026-09-10 13:00,loss,-1.177,-2.35,1.88,24.0,breakeven,0.341,0.68,1.44,4.0,breakeven,0.394,0.79,1.25,24.0
HYPE,impulse_fade,long,-,1789045200,80.7,79.73279490597851,81.56,17.0,probe_down,none,neutral,False,True,False,True,False,False,False,2026-09-10 13:00,loss,-1.231,-2.46,0.71,4.0,loss,-1.231,-2.46,0.71,4.0,loss,-1.153,-2.31,0.48,4.0
HYPE,grade,long,B+,1789142400,82.01,78.33142928406234,82.5,26.0,imbalance_down,near-with,outflow,True,True,False,True,False,False,False,2026-09-11 16:00,win,0.068,0.14,0.15,1.0,win,0.068,0.14,0.15,1.0,loss,-1.041,-2.08,0.1,95.0
HYPE,breakout,long,-,1789660800,82.52,81.51646151669483,84.52707696661032,17.6,probe_up,none,heavy inflow,False,True,False,True,True,True,False,2026-09-17 16:00,win,1.69,3.38,2.53,8.0,win,1.249,2.5,2.53,8.0,win,1.313,2.63,2.39,9.0
HYPE,breakout,long,-,1789704000,86.89,84.24028278140618,92.18943443718764,23.8,imbalance_up,in-against,heavy inflow,False,True,True,False,True,True,False,2026-09-18 04:00,win,1.872,3.74,2.09,11.0,win,1.397,2.79,2.09,11.0,win,1.422,2.84,1.97,70.0
HYPE,grade,long,B+,1789732800,89.83,87.61686520466982,95.32208,29.5,imbalance_up,none,heavy inflow,True,True,True,True,True,True,True,2026-09-18 12:00,win,2.314,4.63,2.42,69.0,breakeven,0.394,0.79,2.06,40.0,breakeven,0.429,0.86,1.37,40.0
HYPE,breakout,long,-,1790107200,96.24,95.10362258793958,98.51275482412082,37.9,probe_up,none,heavy inflow,True,True,False,True,True,True,True,2026-09-22 20:00,loss,-1.234,-2.47,1.46,16.0,breakeven,0.284,0.57,1.46,13.0,loss,-1.155,-2.31,0.97,18.0
HYPE,impulse,short,-,1790607600,87.44,88.94684208956618,84.42631582086764,20.0,imbalance_down,none,outflow,False,False,True,True,True,True,False,2026-09-28 15:00,loss,-1.165,-2.33,0.11,2.0,loss,-1.165,-2.33,0.11,2.0,breakeven,0.401,0.8,1.1,46.0
HYPE,impulse_fade,long,-,1790607600,87.44,86.32315791043384,88.51,20.0,imbalance_down,none,outflow,False,True,False,True,False,True,False,2026-09-28 15:00,win,0.702,1.4,1.89,2.0,win,0.76,1.52,1.89,2.0,win,0.82,1.64,1.26,2.0
XRP,breakout,long,-,1788883200,1.43446,1.4205965476785503,1.4621869046428997,14.4,probe_up,blocked,neutral,False,True,False,False,False,False,False,2026-09-08 16:00,loss,-1.284,-2.57,1.03,4.0,breakeven,0.239,0.48,1.03,1.0,loss,-1.189,-2.38,0.69,10.0
XRP,impulse,long,-,1789412400,1.47703,1.4351097229926875,1.5608705540146253,15.7,probe_up,none,heavy inflow,False,True,False,True,True,True,False,2026-09-14 19:00,loss,-1.099,-2.2,0.34,4.0,loss,-1.099,-2.2,0.34,4.0,loss,-1.065,-2.13,0.23,9.0
XRP,impulse_fade,short,-,1789412400,1.47703,1.4862402770073124,1.44095,15.7,probe_up,none,heavy inflow,False,False,False,True,False,True,False,2026-09-14 19:00,loss,-1.432,-2.86,2.23,2.0,breakeven,0.107,0.21,2.23,1.0,breakeven,0.238,0.48,1.49,1.0
XRP,breakout,long,-,1789416000,1.46405,1.4189351998435624,1.5542796003128754,18.3,probe_up,none,heavy inflow,False,True,False,True,True,True,False,2026-09-14 20:00,loss,-1.091,-2.18,0.6,4.0,loss,-1.091,-2.18,0.6,4.0,loss,-1.06,-2.12,0.4,12.0
XRP,impulse,short,-,1789498800,1.32282,1.3419480593879076,1.284563881224185,25.9,probe_down,in-against,heavy outflow,True,False,False,False,True,True,False,2026-09-15 19:00,win,1.742,3.48,2.93,2.0,breakeven,0.324,0.65,1.47,1.0,win,1.345,2.69,1.96,2.0
XRP,impulse_fade,long,-,1789498800,1.32282,1.2766919406120922,1.33364,25.9,probe_down,in-with,heavy outflow,True,True,False,True,False,True,True,2026-09-15 19:00,loss,-1.08,-2.16,0.11,2.0,loss,-1.08,-2.16,0.11,2.0,loss,-1.053,-2.11,0.07,23.0
XRP,impulse,long,-,1790028000,1.54971,1.5305430853989899,1.58804382920202,33.2,imbalance_up,none,inflow,True,True,True,True,True,True,True,2026-09-21 22:00,loss,-1.224,-2.45,1.22,2.0,breakeven,0.293,0.59,1.22,1.0,loss,-1.149,-2.3,0.81,3.0
XRP,impulse_fade,short,-,1790028000,1.54971,1.5631269146010103,1.53862,33.2,imbalance_up,none,inflow,True,False,False,True,False,True,False,2026-09-21 22:00,loss,-1.318,-2.64,0.36,1.0,loss,-1.318,-2.64,0.36,1.0,loss,-1.213,-2.43,0.24,1.0
XRP,breakout,long,-,1790035200,1.53636,1.496944658598124,1.6151906828037517,35.6,imbalance_up,none,inflow,True,True,True,True,True,True,True,2026-09-22 00:00,loss,-1.109,-2.22,0.08,6.0,loss,-1.109,-2.22,0.08,6.0,win,1.408,2.82,2.0,29.0
XRP,grade,long,B+,1790092800,1.57215,1.5122940284024549,1.7,43.3,imbalance_up,none,heavy inflow,True,True,True,True,True,True,True,2026-09-22 16:00,loss,-1.074,-2.15,1.4,23.0,breakeven,0.431,0.86,1.4,20.0,loss,-1.048,-2.1,0.93,29.0
XRP,impulse,long,-,1790686800,1.54736,1.5370413238201697,1.5679973523596609,14.7,balance,none,neutral,False,True,False,True,False,True,False,2026-09-29 13:00,loss,-1.403,-2.81,1.12,3.0,breakeven,0.13,0.26,1.12,2.0,loss,-1.268,-2.54,0.75,3.0
XRP,impulse_fade,short,-,1790686800,1.54736,1.5652586761798304,1.54562,14.7,balance,near-with,neutral,False,False,False,True,False,True,False,2026-09-29 13:00,win,-0.147,-0.29,0.45,1.0,win,-0.147,-0.29,0.45,1.0,win,-0.081,-0.16,0.3,1.0
XRP,impulse,short,-,1790967600,1.46441,1.4813817469876103,1.4304665060247794,25.3,probe_down,none,heavy outflow,True,False,False,True,True,True,False,2026-10-02 19:00,loss,-1.242,-2.48,0.07,5.0,loss,-1.242,-2.48,0.07,5.0,loss,-1.162,-2.32,0.05,6.0
XRP,impulse_fade,long,-,1790967600,1.46441,1.4395782530123897,1.47398,25.3,probe_down,none,heavy outflow,True,True,False,True,False,True,True,2026-10-02 19:00,win,0.208,0.42,0.45,2.0,win,0.208,0.42,0.45,2.0,win,0.254,0.51,0.39,4.0
SOL,impulse,short,-,1789045200,98.9,100.6280917243433,95.4438165513134,18.0,probe_down,blocked,outflow,False,False,False,False,True,False,False,2026-09-10 13:00,loss,-1.163,-2.33,0.55,24.0,loss,-1.163,-2.33,0.55,24.0,loss,-1.109,-2.22,0.37,24.0
SOL,impulse_fade,long,-,1789045200,98.9,98.06190827565669,100.2,18.0,probe_down,near-with,outflow,False,True,False,True,False,False,False,2026-09-10 13:00,win,1.14,2.28,1.56,2.0,win,0.935,1.87,1.56,2.0,breakeven,0.302,0.6,1.04,4.0
SOL,impulse,long,-,1789135200,104.84,104.25620651718967,106.00758696562067,27.8,imbalance_down,blocked,neutral,True,True,False,False,False,False,False,2026-09-11 14:00,loss,-1.476,-2.95,1.3,1.0,loss,-1.476,-2.95,1.3,1.0,loss,-1.317,-2.63,0.87,1.0
SOL,impulse_fade,short,-,1789135200,104.84,105.25379348281034,104.67,27.8,imbalance_down,near-with,neutral,True,False,True,True,False,False,False,2026-09-11 14:00,loss,-1.654,-3.31,4.13,1.0,loss,-1.654,-3.31,4.13,1.0,loss,-1.436,-2.87,2.76,1.0
SOL,impulse,short,-,1789484400,98.79,99.3396704119631,97.69065917607382,13.8,probe_down,none,outflow,False,False,False,True,True,False,False,2026-09-15 15:00,loss,-1.48,-2.96,0.33,1.0,loss,-1.48,-2.96,0.33,1.0,loss,-1.32,-2.64,0.22,1.0
SOL,impulse_fade,long,-,1789484400,98.79,97.5803295880369,98.95,13.8,probe_down,near-with,outflow,False,True,False,True,False,False,False,2026-09-15 15:00,win,-0.101,-0.2,0.68,1.0,win,-0.101,-0.2,0.68,1.0,win,-0.038,-0.08,0.45,1.0
SOL,breakout,long,-,1789747200,111.16,105.50375623987225,122.4724875202555,26.8,imbalance_up,none,heavy inflow,True,True,True,True,True,False,False,2026-09-18 16:00,time,1.495,2.99,1.92,168.0,time,1.223,2.45,1.92,168.0,time,0.982,1.96,1.28,168.0
SOL,grade,long,B+,1789747200,111.16,108.4775124797445,115.8912,26.8,imbalance_up,none,heavy inflow,True,True,True,True,True,False,False,2026-09-18 16:00,loss,-1.116,-2.23,1.13,35.0,breakeven,0.392,0.78,1.13,15.0,win,1.287,2.57,1.74,70.0
SOL,grade,long,B+,1790337600,120.8,117.50739321966974,129.39984,24.6,probe_up,none,inflow,False,True,False,True,True,True,False,2026-09-25 12:00,loss,-1.103,-2.21,1.21,70.0,breakeven,0.404,0.81,1.21,62.0,time,0.117,0.23,0.81,168.0
SOL,impulse,long,-,1790496000,124.07,122.3622382076138,127.48552358477238,33.0,probe_up,none,inflow,True,True,False,True,True,True,True,2026-09-27 08:00,loss,-1.202,-2.4,0.44,6.0,loss,-1.202,-2.4,0.44,6.0,loss,-1.134,-2.27,0.29,7.0
SOL,impulse_fade,short,-,1790496000,124.07,124.8777617923862,122.91,33.0,probe_up,none,inflow,True,False,False,True,False,True,False,2026-09-27 08:00,loss,-1.415,-2.83,0.08,1.0,loss,-1.415,-2.83,0.08,1.0,win,0.904,1.81,1.29,6.0
SOL,impulse,long,-,1790773200,121.86,121.1193816635195,123.34123667296099,15.0,balance,none,outflow,False,True,False,True,False,False,False,2026-09-30 13:00,loss,-1.439,-2.88,1.08,1.0,loss,-1.439,-2.88,1.08,1.0,loss,-1.292,-2.58,0.72,1.0
SOL,impulse_fade,short,-,1790773200,121.86,123.0306183364805,121.67,15.0,balance,none,outflow,False,False,False,True,True,False,False,2026-09-30 13:00,win,-0.132,-0.26,1.58,1.0,breakeven,0.238,0.48,1.58,1.0,breakeven,0.326,0.65,1.06,1.0
SOL,impulse,long,-,1790917200,123.45,122.25284832091691,125.84430335816619,20.8,probe_up,none,neutral,False,True,False,True,False,False,False,2026-10-02 05:00,loss,-1.283,-2.57,0.18,1.0,loss,-1.283,-2.57,0.18,1.0,loss,-1.188,-2.38,0.12,2.0
SOL,impulse_fade,short,-,1790917200,123.45,124.1571516790831,122.79,20.8,probe_up,none,neutral,False,False,False,True,False,False,False,2026-10-02 05:00,win,0.394,0.79,2.09,1.0,breakeven,0.075,0.15,2.09,1.0,breakeven,0.217,0.43,1.39,1.0
ZEC,impulse,long,-,1788930000,1242.89,1209.58332865545,1309.5033426891002,41.1,probe_up,none,inflow,True,True,False,True,True,True,True,2026-09-09 05:00,loss,-1.105,-2.21,0.09,1.0,loss,-1.105,-2.21,0.09,1.0,breakeven,0.435,0.87,1.07,16.0
ZEC,impulse_fade,short,-,1788930000,1242.89,1270.82667134455,1221.42,41.1,probe_up,none,inflow,True,False,False,True,False,True,False,2026-09-09 05:00,win,0.627,1.25,1.44,1.0,breakeven,0.385,0.77,1.44,1.0,win,0.661,1.32,0.96,1.0
ZEC,impulse,long,-,1789412400,1202.97,1153.7059564587973,1301.4980870824054,14.1,balance,none,neutral,False,True,False,True,False,False,False,2026-09-14 19:00,loss,-1.068,-2.14,0.42,7.0,loss,-1.068,-2.14,0.42,7.0,loss,-1.045,-2.09,0.28,14.0
ZEC,impulse_fade,short,-,1789412400,1202.97,1218.8740435412028,1164.67,14.1,balance,none,neutral,False,False,False,True,False,False,False,2026-09-14 19:00,loss,-1.213,-2.43,1.05,2.0,breakeven,0.308,0.62,1.05,1.0,win,1.527,3.05,2.59,9.0
ZEC,grade,long,B+,1789491600,1116.08,1064.0598446830884,1221.935,11.5,balance,none,outflow,False,True,False,True,False,True,False,2026-09-15 17:00,win,1.949,3.9,2.39,19.0,win,1.449,2.9,2.39,19.0,win,1.466,2.93,3.4,26.0
ZEC,breakout,long,-,1789574400,1247.16,1218.0891116763325,1305.3017766473351,14.1,probe_up,none,neutral,False,True,False,True,False,True,False,2026-09-16 16:00,win,1.834,3.67,4.62,3.0,breakeven,0.388,0.78,4.62,3.0,breakeven,0.425,0.85,3.08,3.0
ZEC,impulse,long,-,1789585200,1335.28,1262.2045558381665,1481.430888323667,14.1,probe_up,none,neutral,False,True,False,True,False,True,False,2026-09-16 19:00,win,1.927,3.85,2.16,21.0,win,1.441,2.88,2.16,21.0,win,1.456,2.91,2.24,53.0
ZEC,impulse_fade,short,-,1789585200,1335.28,1397.0654441618335,1274.4,14.1,probe_up,none,neutral,False,False,False,True,False,True,False,2026-09-16 19:00,win,0.914,1.83,1.01,1.0,breakeven,0.444,0.89,1.01,1.0,loss,-1.043,-2.09,0.67,20.0
ZEC,breakout,long,-,1789588800,1290.17,1245.370960842309,1379.7680783153824,17.0,imbalance_up,none,neutral,False,True,True,True,False,True,False,2026-09-16 20:00,win,1.887,3.77,1.99,7.0,breakeven,0.424,0.85,1.33,4.0,win,1.431,2.86,2.25,19.0
ZEC,impulse_fade,short,-,1789657200,1425.99,1458.253689899818,1394.87,27.2,imbalance_up,none,inflow,True,False,False,True,False,True,False,2026-09-17 15:00,loss,-1.127,-2.25,0.13,1.0,loss,-1.127,-2.25,0.13,1.0,loss,-1.085,-2.17,0.09,1.0
ZEC,breakout,long,-,1789660800,1484.01,1362.8667187574806,1726.2965624850387,29.8,imbalance_up,none,heavy inflow,True,True,True,True,True,False,False,2026-09-17 16:00,time,0.212,0.42,1.6,168.0,breakeven,0.467,0.93,1.6,151.0,breakeven,0.478,0.96,1.07,151.0
ZEC,impulse,long,-,1790121600,1629.92,1554.3651850177723,1781.0296299644556,31.7,probe_up,none,neutral,True,True,False,True,False,True,True,2026-09-23 00:00,loss,-1.06,-2.12,0.65,15.0,loss,-1.06,-2.12,0.65,15.0,loss,-1.04,-2.08,0.43,18.0
ZEC,impulse_fade,short,-,1790121600,1629.92,1665.1648149822277,1569.99,31.7,probe_up,none,neutral,True,False,False,True,False,True,False,2026-09-23 00:00,loss,-1.133,-2.27,1.18,11.0,breakeven,0.381,0.76,1.18,8.0,breakeven,0.421,0.84,1.55,15.0
ZEC,impulse,long,-,1790460000,1682.86,1612.2972205906258,1823.9855588187481,18.9,probe_up,none,outflow,False,True,False,True,False,True,False,2026-09-26 22:00,loss,-1.067,-2.13,0.0,17.0,loss,-1.067,-2.13,0.0,17.0,loss,-1.044,-2.09,0.0,18.0
ZEC,impulse_fade,short,-,1790460000,1682.86,1706.6927794093742,1623.99,18.9,probe_up,none,outflow,False,False,False,True,True,True,False,2026-09-26 22:00,win,2.191,4.38,3.21,17.0,breakeven,0.32,0.64,1.18,1.0,win,1.569,3.14,3.01,18.0
ZEC,breakout,long,-,1790467200,1653.15,1619.4816239540191,1720.486752091962,20.9,probe_up,none,heavy inflow,False,True,False,True,True,True,False,2026-09-27 00:00,loss,-1.137,-2.27,0.72,15.0,loss,-1.137,-2.27,0.72,15.0,loss,-1.091,-2.18,0.48,16.0
ZEC,impulse,short,-,1790625600,1449.38,1520.6570731121428,1306.8258537757147,18.6,probe_down,blocked,heavy outflow,False,False,False,False,True,True,False,2026-09-28 20:00,win,1.924,3.85,2.02,72.0,breakeven,0.447,0.89,1.29,16.0,win,1.454,2.91,2.26,99.0
ZEC,impulse_fade,long,-,1790625600,1449.38,1435.3729268878571,1507.52,18.6,probe_down,none,heavy outflow,False,True,False,True,False,True,False,2026-09-28 20:00,loss,-1.284,-2.57,2.57,6.0,breakeven,0.239,0.48,1.73,1.0,breakeven,0.326,0.65,1.16,1.0
ZEC,impulse_fade,long,-,1790647200,1402.58,1367.8873606815814,1445.17,18.3,probe_down,near-with,outflow,False,True,False,True,False,True,False,2026-09-29 02:00,loss,-1.113,-2.23,0.02,1.0,loss,-1.113,-2.23,0.02,1.0,breakeven,0.429,0.86,1.06,14.0
ZEC,impulse_fade,long,-,1790874000,1342.15,1318.0998532530227,1361.75,16.2,imbalance_down,none,outflow,False,True,False,True,False,True,False,2026-10-01 17:00,win,0.634,1.27,1.17,1.0,breakeven,0.355,0.71,1.17,1.0,win,0.678,1.36,0.78,1.0
NEAR,breakout,long,-,1788955200,2.5966,2.445120103489151,2.8995597930216976,42.1,probe_up,none,heavy inflow,True,True,False,True,True,True,True,2026-09-09 12:00,loss,-1.048,-2.1,0.34,10.0,loss,-1.048,-2.1,0.34,10.0,loss,-1.031,-2.06,0.22,25.0
NEAR,impulse,long,-,1789408800,2.5789,2.4543732372268328,2.8279535255463344,25.6,probe_up,none,neutral,True,True,False,True,False,True,True,2026-09-14 18:00,loss,-1.058,-2.12,0.12,8.0,loss,-1.058,-2.12,0.12,8.0,loss,-1.038,-2.08,0.08,13.0
NEAR,impulse_fade,short,-,1789408800,2.5789,2.6140267627731673,2.4758,25.6,probe_up,none,neutral,True,False,False,True,False,True,False,2026-09-14 18:00,win,2.629,5.26,3.36,6.0,breakeven,0.313,0.63,1.85,3.0,breakeven,0.376,0.75,1.23,3.0
NEAR,grade,long,B+,1789416000,2.5341,2.3353077382710925,2.9941056,27.2,probe_up,none,neutral,True,True,False,True,False,False,False,2026-09-14 20:00,loss,-1.035,-2.07,0.28,19.0,loss,-1.035,-2.07,0.28,19.0,win,1.624,3.25,2.55,78.0
NEAR,breakout,long,-,1789617600,2.6941,2.5829541796962707,2.916391640607459,28.6,imbalance_up,none,heavy inflow,True,True,True,True,True,True,True,2026-09-17 04:00,win,1.904,3.81,2.49,13.0,win,1.423,2.85,2.49,13.0,win,1.442,2.88,2.21,14.0
NEAR,breakout,long,-,1789675200,3.0437,2.857122919520647,3.4168541609587053,38.5,imbalance_up,none,heavy inflow,True,True,True,True,True,True,True,2026-09-17 20:00,win,1.935,3.87,2.43,8.0,win,1.447,2.89,2.43,8.0,win,1.46,2.92,2.03,17.0
NEAR,impulse,long,-,1789923600,4.2484,3.8764667315885317,4.992266536822937,54.6,probe_up,none,inflow,True,True,False,True,True,True,True,2026-09-20 17:00,win,1.953,3.91,2.14,113.0,breakeven,0.469,0.94,1.09,52.0,win,1.472,2.94,2.19,157.0
NEAR,impulse_fade,short,-,1789923600,4.2484,4.350633268411468,3.9213,54.6,probe_up,none,inflow,True,False,False,True,False,True,False,2026-09-20 17:00,loss,-1.12,-2.24,2.59,8.0,breakeven,0.393,0.79,2.02,1.0,breakeven,0.429,0.86,1.35,1.0
NEAR,breakout,long,-,1789934400,4.1571,3.821445358664416,4.828409282671167,55.3,probe_up,none,heavy inflow,True,True,False,True,True,True,True,2026-09-20 20:00,win,1.95,3.9,2.64,110.0,breakeven,0.467,0.93,1.9,68.0,breakeven,0.478,0.96,1.27,68.0
NEAR,breakout,long,-,1790337600,5.0282,4.6609934367148576,5.762613126570285,34.2,probe_up,none,heavy inflow,True,True,False,True,True,False,False,2026-09-25 12:00,loss,-1.038,-2.08,1.48,86.0,breakeven,0.463,0.93,1.48,70.0,time,-0.363,-0.73,0.99,168.0
NEAR,impulse,long,-,1790488800,5.3854,5.146377962225667,5.8634440755486645,36.9,imbalance_up,none,inflow,True,True,True,True,True,True,True,2026-09-27 06:00,loss,-1.063,-2.13,0.42,6.0,loss,-1.063,-2.13,0.42,6.0,loss,-1.041,-2.08,0.52,28.0
NEAR,impulse_fade,short,-,1790488800,5.3854,5.543622037774333,5.21,36.9,imbalance_up,none,inflow,True,False,False,True,False,True,False,2026-09-27 06:00,win,0.994,1.99,1.09,4.0,win,0.958,1.92,1.09,4.0,win,0.984,1.97,1.13,8.0
SUI,impulse,short,-,1788969600,0.7945,0.8016348386130226,0.7802303227739547,26.9,balance,none,outflow,True,False,False,True,True,True,False,2026-09-09 16:00,loss,-1.308,-2.62,0.77,2.0,loss,-1.308,-2.62,0.77,2.0,breakeven,0.314,0.63,1.02,4.0
SUI,impulse_fade,long,-,1788969600,0.7945,0.7779651613869774,0.7956,26.9,balance,none,outflow,True,True,False,True,False,True,True,2026-09-09 16:00,win,-0.071,-0.14,0.32,1.0,win,-0.071,-0.14,0.32,1.0,win,-0.034,-0.07,0.22,1.0
SUI,impulse,short,-,1789340400,0.6997,0.7089746787445891,0.6811506425108218,30.2,imbalance_down,none,outflow,True,False,True,True,True,True,False,2026-09-13 23:00,loss,-1.212,-2.42,0.67,4.0,loss,-1.212,-2.42,0.67,4.0,loss,-1.142,-2.28,0.45,4.0
SUI,impulse_fade,long,-,1789340400,0.6997,0.6934253212554109,0.7051,30.2,imbalance_down,none,outflow,True,False,False,True,False,True,False,2026-09-13 23:00,loss,-1.305,-2.61,1.11,2.0,loss,-1.305,-2.61,1.11,2.0,win,0.592,1.18,0.89,3.0
SUI,breakout,long,-,1789704000,0.7872,0.7386691316196102,0.8842617367607796,25.2,probe_up,none,heavy inflow,True,False,False,True,True,False,False,2026-09-18 04:00,win,1.935,3.87,2.03,40.0,win,1.448,2.9,2.03,40.0,win,1.46,2.92,2.2,69.0
SUI,grade,short,B+,1789876800,0.8268,0.8587886290348049,0.7976333333333333,49.7,imbalance_up,in-against,inflow,True,False,False,False,False,True,False,2026-09-20 04:00,loss,-1.076,-2.15,0.57,13.0,loss,-1.076,-2.15,0.57,13.0,loss,-1.051,-2.1,0.38,13.0
SUI,impulse,long,-,1789923600,0.9128,0.8803476477779276,0.9777047044441446,47.4,imbalance_up,none,inflow,True,True,True,True,True,False,False,2026-09-20 17:00,loss,-1.079,-2.16,0.25,2.0,loss,-1.079,-2.16,0.25,2.0,win,1.433,2.87,2.19,17.0
SUI,impulse_fade,short,-,1789923600,0.9128,0.9239523522220724,0.8871,47.4,imbalance_up,none,inflow,True,False,False,True,False,False,False,2026-09-20 17:00,win,1.989,3.98,2.3,1.0,breakeven,0.292,0.58,2.3,1.0,breakeven,0.362,0.72,1.54,1.0
SUI,impulse_fade,short,-,1789952400,0.9327,0.9567216710486236,0.9216,49.3,probe_up,none,inflow,True,False,False,True,False,False,False,2026-09-21 01:00,win,0.343,0.69,0.62,1.0,win,0.343,0.69,0.62,1.0,win,0.374,0.75,0.5,2.0
SUI,breakout,long,-,1789963200,0.9497,0.9051561823382703,1.0387876353234593,50.7,probe_up,none,heavy inflow,True,True,False,True,True,True,True,2026-09-21 04:00,win,1.915,3.83,2.05,9.0,win,1.432,2.86,2.05,9.0,breakeven,0.462,0.92,1.95,59.0
SUI,impulse,long,-,1790298000,1.0558,1.0282340074227707,1.1109319851544588,33.1,balance,none,neutral,True,True,False,True,False,True,True,2026-09-25 01:00,loss,-1.107,-2.21,0.13,1.0,loss,-1.107,-2.21,0.13,1.0,loss,-1.071,-2.14,0.09,2.0
SUI,impulse_fade,short,-,1790298000,1.0558,1.0664659925772293,1.0376,33.1,balance,none,neutral,True,False,False,True,False,True,False,2026-09-25 01:00,win,1.354,2.71,3.23,1.0,breakeven,0.251,0.5,3.23,1.0,breakeven,0.334,0.67,2.15,1.0
SUI,breakout,long,-,1790337600,1.1394,1.0562439608657632,1.3057120782684735,34.8,probe_up,none,neutral,True,True,False,True,False,False,False,2026-09-25 12:00,time,0.356,0.71,1.83,168.0,breakeven,0.463,0.93,1.83,76.0,breakeven,0.475,0.95,1.22,76.0
SUI,impulse,long,-,1790496000,1.2637,1.2423697745488493,1.3063604509023015,51.7,imbalance_up,none,inflow,True,True,True,True,True,False,False,2026-09-27 08:00,loss,-1.165,-2.33,1.04,2.0,breakeven,0.347,0.69,1.04,1.0,loss,-1.11,-2.22,0.69,7.0
SUI,impulse_fade,short,-,1790496000,1.2637,1.2815302254511505,1.255,51.7,imbalance_up,none,inflow,True,False,False,True,False,False,False,2026-09-27 08:00,loss,-1.2,-2.4,0.15,1.0,loss,-1.2,-2.4,0.15,1.0,win,0.328,0.66,0.77,2.0
SUI,impulse,short,-,1790967600,1.121,1.1378620585925914,1.0872758828148172,26.7,probe_down,none,heavy outflow,True,False,False,True,True,False,False,2026-10-02 19:00,loss,-1.188,-2.38,0.54,5.0,loss,-1.188,-2.38,0.54,5.0,loss,-1.126,-2.25,0.36,5.0
SUI,impulse_fade,long,-,1790967600,1.121,1.0941379414074086,1.1271,26.7,probe_down,none,heavy outflow,True,True,False,True,False,False,False,2026-10-02 19:00,win,0.104,0.21,0.23,1.0,win,0.104,0.21,0.23,1.0,win,0.136,0.27,0.69,5.0
DOGE,impulse,short,-,1788984000,0.0870089,0.08840709275201163,0.08421251449597675,32.4,probe_down,blocked,heavy outflow,True,False,False,False,True,True,False,2026-09-09 20:00,win,1.767,3.53,2.84,17.0,win,1.312,2.62,2.84,17.0,win,1.36,2.72,1.98,21.0
DOGE,impulse_fade,long,-,1788984000,0.0870089,0.08591810724798837,0.0879104,32.4,probe_down,none,heavy outflow,True,True,False,True,False,True,True,2026-09-09 20:00,loss,-1.221,-2.44,0.03,3.0,loss,-1.221,-2.44,0.03,3.0,loss,-1.147,-2.29,0.02,3.0
DOGE,impulse_fade,long,-,1789045200,0.0836916,0.08241611179351822,0.084786,28.7,imbalance_down,none,outflow,True,True,False,True,False,False,False,2026-09-10 13:00,loss,-1.183,-2.37,1.19,24.0,loss,-1.183,-2.37,1.19,24.0,win,0.797,1.59,1.86,25.0
DOGE,impulse,short,-,1789340400,0.0822449,0.08317181831464072,0.08039106337071854,17.1,imbalance_down,blocked,outflow,False,False,True,False,True,False,False,2026-09-13 23:00,loss,-1.248,-2.5,0.31,4.0,loss,-1.248,-2.5,0.31,4.0,loss,-1.166,-2.33,0.21,4.0
DOGE,impulse_fade,long,-,1789340400,0.0822449,0.08176188168535926,0.0828568,17.1,imbalance_down,near-with,outflow,False,True,False,True,False,False,False,2026-09-13 23:00,win,0.711,1.42,1.55,3.0,win,0.666,1.33,1.55,3.0,win,0.792,1.58,2.39,4.0
DOGE,impulse,short,-,1789484400,0.0812234,0.08222977194396328,0.07921065611207345,13.3,probe_down,in-against,outflow,False,False,False,False,True,False,False,2026-09-15 15:00,loss,-1.227,-2.45,0.11,3.0,loss,-1.227,-2.45,0.11,3.0,breakeven,0.364,0.73,1.77,4.0
DOGE,impulse_fade,long,-,1789484400,0.0812234,0.08011462805603672,0.0819057,13.3,probe_down,in-with,outflow,False,True,False,True,False,False,False,2026-09-15 15:00,win,0.388,0.78,0.69,1.0,win,0.388,0.78,0.69,1.0,win,0.444,0.89,0.7,3.0
DOGE,breakout,long,-,1789732800,0.0852405,0.08385909472019057,0.08800331055961885,25.1,balance,none,inflow,True,True,False,True,True,False,False,2026-09-18 12:00,win,1.764,3.53,2.02,3.0,breakeven,0.341,0.68,1.69,2.0,breakeven,0.394,0.79,1.13,2.0
DOGE,breakout,long,-,1789833600,0.088886,0.08801659515783469,0.09062480968433063,32.5,probe_up,none,inflow,True,True,False,True,True,True,True,2026-09-19 16:00,win,1.618,3.24,2.49,2.0,win,1.192,2.38,2.49,2.0,breakeven,0.327,0.65,1.66,5.0
DOGE,grade,short,B+,1789862400,0.0876951,0.09004589338427828,0.08635176666666666,33.5,balance,none,inflow,True,False,False,True,False,True,False,2026-09-20 00:00,win,0.455,0.91,1.03,3.0,win,0.684,1.37,1.03,3.0,win,0.485,0.97,0.69,3.0
DOGE,impulse,long,-,1789981200,0.0918733,0.09075806244813493,0.09410377510373015,27.7,probe_up,none,inflow,True,True,False,True,True,True,True,2026-09-21 09:00,win,1.689,3.38,2.48,1.0,breakeven,0.29,0.58,2.48,1.0,breakeven,0.36,0.72,1.65,1.0
DOGE,impulse_fade,short,-,1789981200,0.0918733,0.09309203755186506,0.091205,27.7,probe_up,none,inflow,True,False,False,True,False,False,False,2026-09-21 09:00,loss,-1.212,-2.42,0.43,1.0,loss,-1.212,-2.42,0.43,1.0,loss,-1.142,-2.28,0.28,1.0
DOGE,breakout,long,-,1789992000,0.0933205,0.09019401597510773,0.09957346804978454,29.7,probe_up,none,heavy inflow,True,True,False,True,True,True,True,2026-09-21 12:00,win,1.883,3.77,2.06,7.0,win,1.406,2.81,2.06,7.0,win,1.429,2.86,2.64,17.0
DOGE,impulse,long,-,1790006400,0.0973012,0.09460930384558573,0.10268499230882855,32.2,imbalance_up,none,heavy inflow,True,True,True,True,True,True,True,2026-09-21 16:00,win,1.859,3.72,3.14,13.0,win,1.386,2.77,3.14,13.0,win,1.415,2.83,2.09,13.0
DOGE,impulse_fade,short,-,1790006400,0.0973012,0.09865289615441426,0.0951829,32.2,imbalance_up,none,heavy inflow,True,False,False,True,False,True,False,2026-09-21 16:00,loss,-1.203,-2.41,1.45,2.0,breakeven,0.317,0.63,1.45,1.0,loss,-1.136,-2.27,0.97,3.0
DOGE,impulse,long,-,1790773200,0.0972744,0.09606149887768847,0.09970020224462305,15.2,balance,none,outflow,False,True,False,True,False,False,False,2026-09-30 13:00,loss,-1.222,-2.44,0.63,1.0,loss,-1.222,-2.44,0.63,1.0,loss,-1.147,-2.29,0.42,2.0
DOGE,impulse_fade,short,-,1790773200,0.0972744,0.09830560112231153,0.0965968,15.2,balance,none,outflow,False,False,False,True,True,False,False,2026-09-30 13:00,win,0.367,0.73,1.51,1.0,breakeven,0.262,0.52,1.51,1.0,breakeven,0.342,0.68,1.01,1.0
LTC,impulse,long,-,1788786000,59.09,56.171789646863736,64.92642070627254,37.7,imbalance_up,none,inflow,True,True,True,True,True,True,True,2026-09-07 13:00,loss,-1.056,-2.11,0.1,3.0,loss,-1.056,-2.11,0.1,3.0,loss,-1.037,-2.07,0.07,18.0
LTC,impulse_fade,short,-,1788786000,59.09,59.51821035313626,56.46,37.7,imbalance_up,none,inflow,True,False,False,True,False,True,False,2026-09-07 13:00,win,5.378,10.76,6.21,2.0,breakeven,0.159,0.32,3.8,1.0,breakeven,0.273,0.55,2.53,1.0
LTC,impulse,short,-,1789484400,51.55,52.3475185665466,49.9549628669068,14.0,probe_down,blocked,outflow,False,False,False,False,True,False,False,2026-09-15 15:00,loss,-1.183,-2.37,1.62,40.0,breakeven,0.335,0.67,1.62,33.0,breakeven,0.39,0.78,1.08,33.0
LTC,impulse_fade,long,-,1789484400,51.55,51.0924814334534,52.14,14.0,probe_down,near-with,outflow,False,True,False,True,False,False,False,2026-09-15 15:00,win,0.91,1.82,1.4,3.0,win,0.826,1.65,1.4,3.0,loss,-1.205,-2.41,0.93,4.0
LTC,impulse,long,-,1789660800,53.72,52.993674325857924,55.17265134828415,22.1,balance,none,heavy inflow,False,True,False,True,True,False,False,2026-09-17 16:00,win,1.719,3.44,1.92,16.0,win,1.274,2.55,1.92,16.0,win,1.331,2.66,1.98,18.0
LTC,impulse_fade,short,-,1789660800,53.72,53.936325674142076,53.21,22.1,balance,none,heavy inflow,False,False,False,True,False,True,False,2026-09-17 16:00,loss,-1.642,-3.28,1.58,2.0,breakeven,-0.085,-0.17,1.58,1.0,breakeven,0.11,0.22,1.05,1.0
LTC,grade,long,B+,1789660800,53.72,52.4096973034317,54.451249999999995,22.1,balance,none,heavy inflow,False,True,False,True,True,False,False,2026-09-17 16:00,win,0.43,0.86,0.58,10.0,win,0.43,0.86,0.58,10.0,win,0.462,0.92,0.56,12.0
LTC,breakout,long,-,1789718400,55.17,54.46191130887277,56.58617738225446,23.7,probe_up,none,heavy inflow,False,True,False,True,True,True,False,2026-09-18 08:00,win,1.705,3.41,2.02,10.0,breakeven,0.301,0.6,1.06,4.0,win,1.322,2.64,1.94,12.0
LTC,breakout,long,-,1789790400,59.1,57.73411423738118,61.83177152523765,34.0,imbalance_up,none,heavy inflow,True,True,True,True,True,True,True,2026-09-19 04:00,loss,-1.121,-2.24,0.04,2.0,loss,-1.121,-2.24,0.04,2.0,loss,-1.08,-2.16,0.02,4.0
LTC,breakout,long,-,1789992000,60.31,59.30487153281125,62.32025693437751,38.5,probe_up,none,heavy inflow,True,True,False,True,True,False,False,2026-09-21 12:00,win,1.77,3.54,2.77,1.0,breakeven,0.345,0.69,2.77,1.0,breakeven,0.396,0.79,1.85,1.0
LTC,impulse,long,-,1789995600,62.74,60.38743576640563,67.44512846718874,38.5,probe_up,none,heavy inflow,True,True,False,True,True,True,True,2026-09-21 13:00,loss,-1.075,-2.15,0.44,15.0,loss,-1.075,-2.15,0.44,15.0,loss,-1.049,-2.1,0.51,50.0
LTC,impulse_fade,short,-,1789995600,62.74,63.52256423359437,60.7,38.5,probe_up,none,heavy inflow,True,False,False,True,False,True,False,2026-09-21 13:00,loss,-1.225,-2.45,1.02,1.0,loss,-1.225,-2.45,1.02,1.0,breakeven,0.364,0.73,1.24,8.0
LTC,breakout,long,-,1790006400,62.95,59.985952137610454,68.8780957247791,40.9,probe_up,none,heavy inflow,True,True,False,True,True,False,False,2026-09-21 16:00,loss,-1.059,-2.12,0.2,19.0,loss,-1.059,-2.12,0.2,19.0,win,1.449,2.9,2.62,71.0
LTC,impulse,long,-,1790258400,70.93,69.04352707162704,74.70294585674594,39.4,imbalance_up,none,inflow,True,True,True,True,True,True,True,2026-09-24 14:00,win,1.854,3.71,1.97,1.0,breakeven,0.402,0.8,1.97,1.0,breakeven,0.434,0.87,1.31,1.0
LTC,impulse_fade,short,-,1790258400,70.93,72.10647292837297,69.61,39.4,imbalance_up,none,inflow,True,False,False,True,False,True,False,2026-09-24 14:00,loss,-1.171,-2.34,0.26,1.0,loss,-1.171,-2.34,0.26,1.0,loss,-1.115,-2.23,0.17,1.0
LTC,breakout,long,-,1790265600,73.79,68.22940741873593,84.91118516252816,40.9,imbalance_up,none,heavy inflow,True,True,True,True,True,True,True,2026-09-24 16:00,loss,-1.037,-2.07,0.21,106.0,loss,-1.037,-2.07,0.21,106.0,time,-0.84,-1.68,0.14,168.0
LTC,impulse,short,-,1790557200,70.14,70.8479470984841,68.7241058030318,38.5,imbalance_up,blocked,outflow,True,False,False,False,True,True,False,2026-09-28 01:00,loss,-1.275,-2.55,0.29,2.0,loss,-1.275,-2.55,0.29,2.0,loss,-1.184,-2.37,0.19,5.0
LTC,impulse_fade,long,-,1790557200,70.14,69.6420529015159,70.38,38.5,imbalance_up,near-with,outflow,True,True,True,True,False,True,True,2026-09-28 01:00,win,0.068,0.14,0.65,1.0,win,0.068,0.14,0.65,1.0,win,0.173,0.35,0.43,1.0
LTC,breakout,long,-,1790928000,70.2,68.79816800012325,73.0036639997535,19.6,balance,none,heavy inflow,False,True,False,True,True,False,False,2026-10-02 08:00,loss,-1.14,-2.28,1.22,11.0,breakeven,0.37,0.74,1.22,8.0,loss,-1.093,-2.19,0.81,11.0
LINK,breakout,long,-,1788739200,13.24072,12.307483953508411,15.107192092983176,32.7,imbalance_up,none,heavy inflow,True,True,True,True,True,True,True,2026-09-07 00:00,loss,-1.039,-2.08,0.46,38.0,loss,-1.039,-2.08,0.46,38.0,loss,-1.026,-2.05,0.31,64.0
LINK,impulse,short,-,1789340400,11.1699,11.242908123335008,11.023883753329985,23.6,imbalance_down,in-against,outflow,False,False,True,False,True,False,False,2026-09-13 23:00,loss,-1.414,-2.83,0.06,1.0,loss,-1.414,-2.83,0.06,1.0,loss,-1.276,-2.55,0.37,3.0
LINK,impulse_fade,long,-,1789340400,11.1699,11.106541876664991,11.18953,23.6,imbalance_down,in-with,outflow,False,True,False,True,False,False,False,2026-09-13 23:00,win,-0.186,-0.37,0.99,1.0,win,-0.186,-0.37,0.99,1.0,win,-0.056,-0.11,0.66,1.0
LINK,impulse,long,-,1789704000,11.75775,11.540880963725648,12.191488072548703,19.2,probe_up,none,heavy inflow,False,True,False,True,True,False,False,2026-09-18 04:00,win,1.792,3.58,2.13,12.0,win,1.332,2.66,2.13,12.0,win,1.374,2.75,1.98,17.0
LINK,impulse_fade,short,-,1789704000,11.75775,11.848819036274351,11.60224,19.2,probe_up,none,heavy inflow,False,False,False,True,False,True,False,2026-09-18 04:00,loss,-1.353,-2.71,1.07,5.0,breakeven,0.179,0.36,1.07,1.0,loss,-1.236,-2.47,0.71,7.0
LINK,grade,long,B+,1789711200,11.71558,11.24739385490259,11.816375,19.2,probe_up,none,heavy inflow,False,True,False,True,True,True,False,2026-09-18 06:00,win,0.141,0.28,0.23,1.0,win,0.141,0.28,0.23,1.0,win,0.16,0.32,0.22,3.0
LINK,breakout,long,-,1789747200,12.13888,11.822328881053389,12.771982237893223,23.7,imbalance_up,none,heavy inflow,False,True,True,True,True,False,False,2026-09-18 16:00,win,1.851,3.7,2.0,57.0,breakeven,0.4,0.8,1.68,35.0,breakeven,0.433,0.87,1.12,35.0
LINK,breakout,long,-,1789992000,13.04532,12.636322615359994,13.863314769280013,36.5,imbalance_up,none,inflow,True,True,True,True,True,False,False,2026-09-21 12:00,loss,-1.089,-2.18,0.6,49.0,loss,-1.089,-2.18,0.6,49.0,loss,-1.059,-2.12,0.4,51.0
LINK,impulse,short,-,1790175600,12.33312,12.662579924328004,11.67420015134399,42.9,balance,none,inflow,True,False,False,True,False,False,False,2026-09-23 15:00,loss,-1.108,-2.22,0.79,24.0,loss,-1.108,-2.22,0.79,24.0,loss,-1.073,-2.15,0.53,26.0
LINK,impulse_fade,long,-,1790175600,12.33312,12.020710075671996,12.58347,42.9,balance,none,inflow,True,True,False,True,True,False,False,2026-09-23 15:00,win,0.673,1.35,1.27,24.0,win,0.789,1.58,1.27,24.0,win,0.704,1.41,0.85,24.0
LINK,impulse,long,-,1790276400,13.43719,13.130607526341507,14.050354947316984,27.6,probe_up,none,neutral,True,True,False,True,False,True,True,2026-09-24 19:00,loss,-1.123,-2.25,0.0,2.0,loss,-1.123,-2.25,0.0,2.0,win,1.397,2.79,1.94,41.0
LINK,impulse_fade,short,-,1790276400,13.43719,13.600972473658492,13.21514,27.6,probe_up,none,neutral,True,False,False,True,False,True,False,2026-09-24 19:00,win,1.075,2.15,1.56,1.0,breakeven,0.292,0.58,1.56,1.0,breakeven,0.361,0.72,1.04,1.0
LINK,breakout,long,-,1790337600,14.08196,13.372638423519282,15.500603152961437,31.3,imbalance_up,none,heavy inflow,True,True,True,True,True,False,False,2026-09-25 12:00,win,1.921,3.84,1.99,84.0,breakeven,0.447,0.89,1.27,73.0,breakeven,0.465,0.93,1.56,123.0
LINK,impulse,long,-,1790600400,14.75983,14.406852355831605,15.465785288336788,34.4,probe_up,none,inflow,True,True,False,True,True,True,True,2026-09-28 13:00,loss,-1.117,-2.23,0.31,2.0,loss,-1.117,-2.23,0.31,2.0,loss,-1.078,-2.16,0.2,2.0
LINK,impulse_fade,short,-,1790600400,14.75983,15.085657644168396,14.49252,34.4,probe_up,none,inflow,True,False,False,True,False,True,False,2026-09-28 13:00,win,0.675,1.35,0.93,1.0,win,0.675,1.35,0.93,1.0,win,0.82,1.64,1.29,2.0
LINK,impulse,long,-,1790614800,15.27239,14.90327575898649,16.01061848202702,34.4,probe_up,none,neutral,True,True,False,True,False,True,True,2026-09-28 17:00,loss,-1.116,-2.23,1.29,11.0,breakeven,0.392,0.78,1.29,9.0,loss,-1.077,-2.15,0.86,12.0
LINK,impulse_fade,short,-,1790614800,15.27239,15.37398424101351,14.99999,34.4,probe_up,none,neutral,True,False,False,True,False,True,False,2026-09-28 17:00,loss,-1.407,-2.81,1.85,1.0,loss,-1.407,-2.81,1.85,1.0,loss,-1.272,-2.54,1.23,1.0
LINK,grade,long,B+,1790658000,14.75001,14.007065918357608,17.16918704,36.9,imbalance_up,none,neutral,True,True,True,True,False,True,True,2026-09-29 05:00,loss,-1.055,-2.11,1.14,86.0,breakeven,0.447,0.89,1.14,11.0,loss,-1.036,-2.07,0.76,86.0
kSHIB,impulse,short,-,1788969600,0.00533,0.005372386622468559,0.005245226755062881,18.5,balance,none,heavy outflow,False,False,False,True,True,False,False,2026-09-09 16:00,loss,-1.345,-2.69,0.1,1.0,loss,-1.345,-2.69,0.1,1.0,loss,-1.23,-2.46,0.06,1.0
kSHIB,impulse_fade,long,-,1788969600,0.00533,0.005252613377531441,0.005344,18.5,balance,near-with,heavy outflow,False,True,False,True,False,False,False,2026-09-09 16:00,win,-0.018,-0.04,0.84,1.0,win,-0.018,-0.04,0.84,1.0,win,0.035,0.07,0.56,1.0
kSHIB,impulse,short,-,1789045200,0.005058,0.005155182746523433,0.004863634506953134,19.2,imbalance_down,none,outflow,False,False,True,True,True,False,False,2026-09-10 13:00,loss,-1.149,-2.3,0.64,24.0,loss,-1.149,-2.3,0.64,24.0,loss,-1.1,-2.2,0.42,25.0
kSHIB,impulse_fade,long,-,1789045200,0.005058,0.0049898172534765676,0.005128,19.2,imbalance_down,none,outflow,False,True,False,True,False,False,False,2026-09-10 13:00,win,0.781,1.56,1.45,24.0,breakeven,0.31,0.62,1.45,24.0,win,0.839,1.68,0.97,24.0
kSHIB,breakout,short,-,1789502400,0.005001,0.005094926081601342,0.0048131478367973175,15.2,imbalance_down,in-against,heavy outflow,False,False,True,False,True,True,False,2026-09-15 20:00,win,1.8,3.6,2.05,17.0,win,1.338,2.68,2.05,17.0,breakeven,0.409,0.82,1.76,30.0
kSHIB,breakout,long,-,1789747200,0.005474,0.005384625545191756,0.005652748909616487,26.3,probe_up,none,heavy inflow,True,True,False,True,True,False,False,2026-09-18 16:00,loss,-1.171,-2.34,0.44,15.0,loss,-1.171,-2.34,0.44,15.0,breakeven,0.394,0.79,1.55,30.0
kSHIB,grade,long,B+,1789754400,0.005456999999999999,0.00525602886816129,0.005496666666666666,26.3,probe_up,none,heavy inflow,True,True,False,True,True,True,True,2026-09-18 18:00,win,0.117,0.23,0.22,3.0,win,0.117,0.23,0.22,3.0,win,0.138,0.28,0.19,4.0
kSHIB,grade,long,B+,1789848000,0.0055969999999999995,0.005462192236651182,0.005948584,31.8,probe_up,none,heavy inflow,True,True,False,True,True,True,True,2026-09-19 20:00,loss,-1.116,-2.23,0.02,2.0,loss,-1.116,-2.23,0.02,2.0,loss,-1.077,-2.15,0.01,7.0
kSHIB,impulse,long,-,1789981200,0.005706999999999999,0.005662256947755931,0.005796486104488136,30.9,probe_up,none,heavy inflow,True,True,False,True,True,False,False,2026-09-21 09:00,win,1.53,3.06,3.11,6.0,breakeven,0.182,0.36,1.6,1.0,breakeven,0.287,0.57,1.07,1.0
kSHIB,impulse_fade,short,-,1789981200,0.005706999999999999,0.005751743052244069,0.005691,30.9,probe_up,none,heavy inflow,True,False,False,True,False,False,False,2026-09-21 09:00,loss,-1.349,-2.7,0.78,1.0,loss,-1.349,-2.7,0.78,1.0,loss,-1.233,-2.47,0.52,1.0
kSHIB,breakout,long,-,1789992000,0.0057139999999999995,0.005630155760118157,0.005881688479763684,32.5,imbalance_up,none,heavy inflow,True,True,True,True,True,False,False,2026-09-21 12:00,win,1.741,3.48,3.51,4.0,breakeven,0.325,0.65,1.63,3.0,breakeven,0.383,0.77,1.09,3.0
kSHIB,impulse,long,-,1790002800,0.0058579999999999995,0.005755577880059079,0.0060628442398818405,32.5,imbalance_up,none,heavy inflow,True,True,True,True,True,True,True,2026-09-21 15:00,win,1.781,3.56,2.1,2.0,breakeven,0.352,0.7,1.52,1.0,breakeven,0.401,0.8,1.01,1.0
kSHIB,impulse_fade,short,-,1790002800,0.0058579999999999995,0.005888422119940921,0.005786,32.5,imbalance_up,none,heavy inflow,True,False,False,True,False,True,False,2026-09-21 15:00,loss,-1.511,-3.02,0.42,1.0,loss,-1.511,-3.02,0.42,1.0,loss,-1.341,-2.68,0.28,1.0
kSHIB,impulse_fade,short,-,1790006400,0.006012,0.006055624111373712,0.0058579999999999995,34.7,imbalance_up,none,heavy inflow,True,False,False,True,False,False,False,2026-09-21 16:00,loss,-1.375,-2.75,3.62,1.0,loss,-1.375,-2.75,3.62,1.0,loss,-1.251,-2.5,2.42,1.0
kSHIB,breakout,long,-,1790006400,0.006012,0.005716751777252575,0.0066024964454948504,34.7,imbalance_up,none,heavy inflow,True,True,True,True,True,False,False,2026-09-21 16:00,loss,-1.057,-2.11,0.85,47.0,loss,-1.057,-2.11,0.85,47.0,loss,-1.037,-2.07,0.57,49.0
kSHIB,impulse,short,-,1790647200,0.005555,0.005597316906671019,0.005470366186657962,20.6,imbalance_down,blocked,neutral,False,False,True,False,False,True,False,2026-09-29 02:00,loss,-1.359,-2.72,1.14,2.0,breakeven,0.174,0.35,1.14,1.0,loss,-1.24,-2.48,0.76,5.0
kSHIB,impulse_fade,long,-,1790647200,0.005555,0.0054776830933289805,0.005561,20.6,imbalance_down,near-with,neutral,False,True,False,True,False,False,False,2026-09-29 02:00,win,-0.126,-0.25,0.18,1.0,win,-0.126,-0.25,0.18,1.0,win,-0.071,-0.14,0.12,1.0
kSHIB,impulse,long,-,1790773200,0.005947999999999999,0.005873461820669647,0.006097076358660704,13.7,balance,blocked,inflow,False,True,False,False,True,False,False,2026-09-30 13:00,loss,-1.221,-2.44,0.56,1.0,loss,-1.221,-2.44,0.56,1.0,loss,-1.147,-2.29,0.37,2.0
kSHIB,impulse_fade,short,-,1790773200,0.005947999999999999,0.005985538179330354,0.005907000000000001,13.7,balance,near-with,inflow,False,False,False,True,False,False,False,2026-09-30 13:00,loss,-1.427,-2.85,2.35,1.0,loss,-1.427,-2.85,2.35,1.0,breakeven,0.241,0.48,1.56,1.0
kSHIB,impulse_fade,long,-,1790967600,0.005578,0.005516708247501472,0.005678,17.0,probe_down,near-with,heavy outflow,False,True,False,True,False,False,False,2026-10-02 19:00,win,1.306,2.61,1.66,4.0,win,1.048,2.1,1.66,4.0,win,1.118,2.24,1.59,5.0
VVV,impulse,long,-,1788811200,18.27,17.815458065011306,19.179083869977386,26.8,probe_up,none,neutral,True,True,False,True,False,True,True,2026-09-07 20:00,loss,-1.113,-2.23,1.71,8.0,breakeven,0.395,0.79,1.51,1.0,breakeven,0.43,0.86,1.0,1.0
VVV,impulse_fade,short,-,1788811200,18.27,18.459541934988696,17.94,26.8,probe_up,none,neutral,True,False,False,True,False,True,False,2026-09-07 20:00,loss,-1.268,-2.54,0.01,1.0,loss,-1.268,-2.54,0.01,1.0,loss,-1.179,-2.36,0.01,1.0
VVV,impulse,long,-,1788876000,19.465,19.133446572906806,20.128106854186388,31.2,probe_up,none,outflow,True,True,False,True,False,True,True,2026-09-08 14:00,win,1.775,3.55,14.14,1.0,breakeven,0.348,0.7,14.14,1.0,breakeven,0.399,0.8,9.43,1.0
VVV,impulse_fade,short,-,1788876000,19.465,19.658553427093192,19.278,31.2,probe_up,none,outflow,True,False,False,True,True,True,False,2026-09-08 14:00,loss,-1.279,-2.56,0.0,1.0,loss,-1.279,-2.56,0.0,1.0,loss,-1.187,-2.37,0.0,1.0
VVV,impulse,long,-,1788879600,22.848,19.369446572906806,29.805106854186384,31.2,probe_up,none,outflow,True,True,False,True,False,True,True,2026-09-08 15:00,time,-0.381,-0.76,1.83,168.0,breakeven,0.482,0.96,1.83,31.0,breakeven,0.488,0.98,1.22,31.0
VVV,impulse_fade,short,-,1788879600,22.848,24.444553427093194,19.514,31.2,probe_up,none,outflow,True,False,False,True,True,True,False,2026-09-08 15:00,loss,-1.043,-2.09,0.15,1.0,loss,-1.043,-2.09,0.15,1.0,loss,-1.029,-2.06,0.1,2.0
VVV,grade,long,B+,1789603200,23.711,22.108271525292544,29.24,18.2,balance,none,inflow,False,True,False,True,True,True,False,2026-09-17 00:00,win,3.378,6.76,3.56,51.0,win,2.171,4.34,3.56,51.0,win,2.182,4.36,3.92,99.0
VVV,impulse,long,-,1789718400,26.828,25.62750142406483,29.22899715187034,31.1,imbalance_up,none,heavy inflow,True,True,True,True,True,False,False,2026-09-18 08:00,loss,-1.062,-2.12,0.66,5.0,loss,-1.062,-2.12,0.66,5.0,breakeven,0.46,0.92,1.44,34.0
VVV,impulse_fade,short,-,1789718400,26.828,27.69549857593517,25.958,31.1,imbalance_up,none,heavy inflow,True,False,False,True,False,True,False,2026-09-18 08:00,win,0.9,1.8,1.14,4.0,breakeven,0.42,0.84,1.14,4.0,win,0.939,1.88,1.16,5.0
VVV,breakout,long,-,1789718400,26.828,25.297002848129654,29.88999430374069,31.1,imbalance_up,none,heavy inflow,True,True,True,True,True,False,False,2026-09-18 08:00,loss,-1.049,-2.1,0.52,5.0,loss,-1.049,-2.1,0.52,5.0,breakeven,0.469,0.94,1.13,34.0
VVV,impulse,long,-,1789959600,32.758,30.914736983836843,36.44452603232632,37.4,imbalance_up,none,inflow,True,True,True,True,True,True,True,2026-09-21 03:00,loss,-1.049,-2.1,0.99,14.0,loss,-1.049,-2.1,0.99,14.0,loss,-1.032,-2.06,0.66,61.0
VVV,impulse_fade,short,-,1789959600,32.758,33.58126301616316,31.286,37.4,imbalance_up,none,inflow,True,False,False,True,False,True,False,2026-09-21 03:00,loss,-1.115,-2.23,1.14,5.0,breakeven,0.397,0.79,1.14,2.0,loss,-1.077,-2.15,0.76,6.0
VVV,breakout,long,-,1789963200,32.308,29.171261541411276,38.58147691717745,38.9,imbalance_up,none,heavy inflow,True,True,True,True,True,False,False,2026-09-21 04:00,loss,-1.028,-2.06,0.73,78.0,loss,-1.028,-2.06,0.73,78.0,time,-0.901,-1.8,0.49,168.0
VVV,impulse,short,-,1790179200,29.963,30.615116969806635,28.658766060386732,36.6,balance,blocked,neutral,True,False,False,False,False,True,False,2026-09-23 16:00,loss,-1.132,-2.26,0.93,2.0,loss,-1.132,-2.26,0.93,2.0,loss,-1.089,-2.18,0.62,2.0
VVV,impulse_fade,long,-,1790179200,29.963,29.016883030193362,30.185,36.6,balance,near-with,neutral,True,True,False,True,False,True,True,2026-09-23 16:00,win,0.14,0.28,0.52,1.0,win,0.14,0.28,0.52,1.0,win,0.165,0.33,0.35,1.0
VVV,impulse,short,-,1790607600,26.786,27.61590045838731,25.126199083225387,13.7,imbalance_down,none,outflow,False,False,True,True,True,False,False,2026-09-28 15:00,loss,-1.094,-2.19,0.27,3.0,loss,-1.094,-2.19,0.27,3.0,loss,-1.063,-2.13,0.66,17.0
VVV,impulse_fade,long,-,1790607600,26.786,26.412099541612694,27.324,13.7,imbalance_down,none,outflow,False,True,False,True,False,False,False,2026-09-28 15:00,win,1.187,2.37,1.7,2.0,breakeven,0.316,0.63,1.7,2.0,breakeven,0.377,0.75,1.13,2.0
VVV,impulse,long,-,1790931600,29.439,28.537938132254034,31.241123735491932,21.9,balance,none,outflow,False,True,False,True,False,True,False,2026-10-02 09:00,loss,-1.092,-2.18,0.89,10.0,loss,-1.092,-2.18,0.89,10.0,loss,-1.06,-2.12,0.6,11.0
VVV,impulse_fade,short,-,1790931600,29.439,30.198061867745963,28.813,21.9,balance,none,outflow,False,False,False,True,True,True,False,2026-10-02 09:00,loss,-1.112,-2.22,0.37,2.0,loss,-1.112,-2.22,0.37,2.0,win,0.835,1.67,1.25,11.0
VVV,breakout,long,-,1790942400,29.985,28.235492245614633,33.48401550877073,22.4,probe_up,none,neutral,False,True,False,True,False,True,False,2026-10-02 12:00,loss,-1.048,-2.1,0.15,8.0,loss,-1.048,-2.1,0.15,8.0,loss,-1.031,-2.06,0.1,17.0
VVV,grade,long,B+,1790942400,29.985,28.161651157895932,34.619,22.4,probe_up,none,neutral,False,True,False,True,False,False,False,2026-10-02 12:00,loss,-1.046,-2.09,0.15,8.0,loss,-1.046,-2.09,0.15,8.0,loss,-1.03,-2.06,0.1,20.0
ADA,impulse,long,-,1788883200,0.229286,0.2248334815920798,0.23819103681584036,28.9,probe_up,none,neutral,True,True,False,True,False,False,False,2026-09-08 16:00,loss,-1.144,-2.29,0.57,2.0,loss,-1.144,-2.29,0.57,2.0,loss,-1.095,-2.19,0.38,3.0
ADA,impulse_fade,short,-,1788883200,0.229286,0.2319915184079202,0.226335,28.9,probe_up,none,neutral,True,False,False,True,False,True,False,2026-09-08 16:00,loss,-1.237,-2.47,1.19,1.0,loss,-1.237,-2.47,1.19,1.0,win,0.874,1.75,1.33,2.0
ADA,breakout,long,-,1788883200,0.229286,0.22333196318415963,0.24119407363168072,28.9,probe_up,none,neutral,True,True,False,True,False,False,False,2026-09-08 16:00,loss,-1.108,-2.22,0.43,3.0,loss,-1.108,-2.22,0.43,3.0,loss,-1.071,-2.14,0.29,4.0
ADA,impulse,short,-,1789045200,0.208085,0.20955383248351886,0.20514733503296226,23.1,imbalance_down,none,outflow,False,False,True,True,True,False,False,2026-09-10 13:00,loss,-1.385,-2.77,0.0,1.0,loss,-1.385,-2.77,0.0,1.0,loss,-1.257,-2.51,0.0,1.0
ADA,impulse_fade,long,-,1789045200,0.208085,0.20555516751648115,0.208099,23.1,imbalance_down,none,outflow,False,True,False,True,False,False,False,2026-09-10 13:00,win,-0.156,-0.31,1.22,1.0,win,0.327,0.65,1.22,1.0,win,-0.092,-0.18,0.81,1.0
ADA,impulse,short,-,1789340400,0.202614,0.20424486824709492,0.19935226350581012,10.6,imbalance_down,none,outflow,False,False,True,True,True,False,False,2026-09-13 23:00,loss,-1.341,-2.68,0.04,1.0,loss,-1.341,-2.68,0.04,1.0,loss,-1.228,-2.46,0.03,3.0
ADA,impulse_fade,long,-,1789340400,0.202614,0.20123113175290505,0.203168,10.6,imbalance_down,none,outflow,False,True,False,True,False,False,False,2026-09-13 23:00,win,-0.023,-0.05,1.23,1.0,breakeven,0.137,0.27,1.23,1.0,win,0.086,0.17,0.82,1.0
ADA,impulse,short,-,1789484400,0.200087,0.2034299508263557,0.19340109834728855,9.1,probe_down,none,outflow,False,False,False,True,True,False,False,2026-09-15 15:00,loss,-1.17,-2.34,0.06,3.0,loss,-1.17,-2.34,0.06,3.0,breakeven,0.398,0.8,1.36,4.0
ADA,impulse_fade,long,-,1789484400,0.200087,0.19708004917364427,0.202308,9.1,probe_down,none,outflow,False,True,False,True,False,False,False,2026-09-15 15:00,win,0.527,1.05,0.97,1.0,win,0.527,1.05,0.97,1.0,win,0.579,1.16,0.93,3.0
ADA,breakout,short,-,1789502400,0.197912,0.20086064224136851,0.19201471551726298,11.8,probe_down,none,heavy outflow,False,False,False,True,True,False,False,2026-09-15 20:00,win,1.749,3.5,2.13,18.0,win,1.297,2.59,2.13,18.0,breakeven,0.386,0.77,1.67,36.0
ADA,breakout,long,-,1789704000,0.216253,0.21359928330962719,0.22156043338074563,19.0,probe_up,none,heavy inflow,False,True,False,True,True,False,False,2026-09-18 04:00,loss,-1.225,-2.45,0.22,1.0,loss,-1.225,-2.45,0.22,1.0,loss,-1.15,-2.3,0.15,2.0
ADA,grade,long,B+,1789704000,0.216253,0.21020428090496862,0.223448,19.0,probe_up,none,heavy inflow,False,True,False,True,True,False,False,2026-09-18 04:00,win,1.065,2.13,1.21,17.0,win,0.99,1.98,1.21,17.0,win,1.018,2.04,1.15,20.0
ADA,breakout,long,-,1789747200,0.21972,0.21448338754783197,0.23019322490433605,23.8,imbalance_up,none,heavy inflow,False,True,True,True,True,False,False,2026-09-18 16:00,win,1.837,3.67,2.83,11.0,win,1.369,2.74,2.83,11.0,breakeven,0.427,0.85,1.89,35.0
ADA,breakout,long,-,1789992000,0.241367,0.2317618771224005,0.26057724575519897,40.7,imbalance_up,none,heavy inflow,True,True,True,True,True,False,False,2026-09-21 12:00,win,1.901,3.8,2.13,41.0,breakeven,0.434,0.87,1.1,18.0,breakeven,0.456,0.91,1.42,51.0
ADA,impulse,short,-,1790607600,0.240884,0.24339819422379327,0.2358556115524134,24.5,probe_down,in-against,inflow,False,False,False,False,False,False,False,2026-09-28 15:00,loss,-1.267,-2.53,0.48,1.0,loss,-1.267,-2.53,0.48,1.0,loss,-1.178,-2.36,0.32,1.0
ADA,impulse_fade,long,-,1790607600,0.240884,0.23773080577620673,0.241752,24.5,probe_down,in-with,inflow,False,True,False,True,True,False,False,2026-09-28 15:00,win,0.051,0.1,1.16,1.0,breakeven,0.304,0.61,1.16,1.0,win,0.11,0.22,0.77,1.0
ADA,impulse,short,-,1790967600,0.239615,0.24302805256465815,0.2327888948706837,16.8,probe_down,none,neutral,False,False,False,True,False,False,False,2026-10-02 19:00,loss,-1.198,-2.4,0.49,5.0,loss,-1.198,-2.4,0.49,5.0,loss,-1.133,-2.27,0.32,6.0
ADA,impulse_fade,long,-,1790967600,0.239615,0.23498894743534185,0.241279,16.8,probe_down,none,neutral,False,True,False,True,False,False,False,2026-10-02 19:00,win,0.204,0.41,0.55,4.0,win,0.204,0.41,0.55,4.0,win,0.244,0.49,0.37,4.0
WLD,impulse,long,-,1788768000,0.4492,0.43411138821008594,0.4793772235798281,31.6,imbalance_up,none,heavy inflow,True,True,True,True,True,True,True,2026-09-07 08:00,win,1.883,3.77,2.08,16.0,breakeven,0.422,0.84,1.04,1.0,win,1.429,2.86,2.45,18.0
WLD,impulse_fade,short,-,1788768000,0.4492,0.46098861178991407,0.4376,31.6,imbalance_up,none,heavy inflow,True,False,False,True,False,True,False,2026-09-07 08:00,loss,-1.11,-2.22,0.12,1.0,loss,-1.11,-2.22,0.12,1.0,loss,-1.074,-2.15,0.37,6.0
WLD,breakout,long,-,1788768000,0.4492,0.4192227764201719,0.5091544471596561,31.6,imbalance_up,none,heavy inflow,True,True,True,True,True,False,False,2026-09-07 08:00,loss,-1.041,-2.08,1.86,63.0,breakeven,0.46,0.92,1.86,41.0,breakeven,0.473,0.95,1.24,41.0
WLD,grade,long,B+,1788818400,0.4704,0.44706682929673297,0.5221720000000001,39.1,imbalance_up,none,neutral,True,True,True,True,False,True,True,2026-09-07 22:00,loss,-1.056,-2.11,1.49,36.0,breakeven,0.446,0.89,1.49,7.0,loss,-1.037,-2.07,0.99,42.0
WLD,impulse,short,-,1789340400,0.3797,0.3884453020604353,0.3622093958791293,17.0,imbalance_down,none,outflow,False,False,True,True,True,False,False,2026-09-13 23:00,loss,-1.125,-2.25,0.47,19.0,loss,-1.125,-2.25,0.47,19.0,loss,-1.084,-2.17,0.31,20.0
WLD,impulse_fade,long,-,1789340400,0.3797,0.3756546979395647,0.3856,17.0,imbalance_down,none,outflow,False,True,False,True,False,False,False,2026-09-13 23:00,loss,-1.258,-2.52,0.69,2.0,loss,-1.258,-2.52,0.69,2.0,breakeven,0.341,0.68,1.34,15.0
WLD,impulse,long,-,1789700400,0.4085,0.39602814977893297,0.433443700442134,15.8,balance,none,neutral,False,False,False,True,False,True,False,2026-09-18 03:00,win,1.872,3.74,2.08,5.0,win,1.397,2.79,2.08,5.0,win,1.422,2.84,1.98,10.0
WLD,impulse_fade,short,-,1789700400,0.4085,0.41487185022106704,0.3985,15.8,balance,none,neutral,False,False,False,True,False,True,False,2026-09-18 03:00,loss,-1.182,-2.36,0.33,1.0,loss,-1.182,-2.36,0.33,1.0,loss,-1.122,-2.24,0.22,1.0
WLD,impulse_fade,short,-,1789704000,0.4202,0.424325646633848,0.4124,18.6,probe_up,none,heavy inflow,False,False,False,True,False,False,False,2026-09-18 04:00,loss,-1.283,-2.57,1.82,1.0,loss,-1.283,-2.57,1.82,1.0,breakeven,0.329,0.66,1.21,1.0
WLD,breakout,long,-,1789704000,0.4202,0.393648706732304,0.47330258653539203,18.6,probe_up,none,heavy inflow,False,False,False,True,True,False,False,2026-09-18 04:00,win,1.936,3.87,2.11,93.0,win,1.449,2.9,2.11,93.0,breakeven,0.472,0.94,1.46,131.0
WLD,grade,long,B+,1789704000,0.4202,0.40464741346460803,0.427725,18.6,probe_up,none,heavy inflow,False,False,False,True,True,False,False,2026-09-18 04:00,win,0.399,0.8,0.48,3.0,win,0.399,0.8,0.48,3.0,win,0.421,0.84,0.62,4.0
WLD,impulse_fade,short,-,1789707600,0.4245,0.42892564663384797,0.4213,18.6,probe_up,none,heavy inflow,False,False,False,True,False,True,False,2026-09-18 05:00,win,0.425,0.85,2.37,1.0,breakeven,0.258,0.52,2.37,1.0,breakeven,0.339,0.68,1.58,1.0
WLD,grade,long,B+,1789718400,0.4331,0.4148440267885647,0.4634,21.7,probe_up,none,heavy inflow,False,False,False,True,True,False,False,2026-09-18 08:00,loss,-1.066,-2.13,0.7,9.0,loss,-1.066,-2.13,0.7,9.0,win,1.275,2.55,1.65,113.0
WLD,impulse,long,-,1789923600,0.4519,0.4373736147518938,0.4809527704962125,32.5,probe_up,none,inflow,True,True,False,True,True,False,False,2026-09-20 17:00,loss,-1.087,-2.17,0.11,1.0,loss,-1.087,-2.17,0.11,1.0,loss,-1.058,-2.12,0.07,2.0
WLD,impulse_fade,short,-,1789923600,0.4519,0.4561263852481062,0.441,32.5,probe_up,none,inflow,True,False,False,True,False,False,False,2026-09-20 17:00,win,2.157,4.31,3.48,1.0,breakeven,0.232,0.46,3.48,1.0,breakeven,0.321,0.64,2.32,1.0
WLD,impulse,long,-,1790024400,0.4646,0.4537440736721043,0.48631185265579147,37.4,probe_up,none,outflow,True,True,False,True,False,True,True,2026-09-21 21:00,loss,-1.12,-2.24,0.03,1.0,loss,-1.12,-2.24,0.03,1.0,loss,-1.079,-2.16,0.73,8.0
WLD,impulse_fade,short,-,1790024400,0.4646,0.47095592632789574,0.4577,37.4,probe_up,none,outflow,True,False,False,True,True,True,False,2026-09-21 21:00,win,0.844,1.69,2.06,1.0,breakeven,0.314,0.63,2.06,1.0,breakeven,0.376,0.75,1.37,1.0
WLD,impulse,short,-,1790175600,0.423,0.43309031057569636,0.40281937884860725,39.1,balance,none,neutral,True,False,False,True,False,False,False,2026-09-23 15:00,win,1.842,3.68,2.22,12.0,win,1.372,2.74,2.22,12.0,breakeven,0.428,0.86,1.48,23.0
WLD,impulse_fade,long,-,1790175600,0.423,0.40120968942430363,0.4289,39.1,balance,none,neutral,True,True,False,True,False,False,False,2026-09-23 15:00,loss,-1.054,-2.11,0.08,12.0,loss,-1.054,-2.11,0.08,12.0,win,0.227,0.45,0.79,24.0
WLD,grade,long,B+,1790265600,0.4409,0.4213730685323063,0.4473,28.2,balance,none,neutral,True,True,False,True,False,False,False,2026-09-24 16:00,win,0.259,0.52,0.81,1.0,win,0.259,0.52,0.81,1.0,win,0.277,0.55,0.54,1.0
WLD,breakout,long,-,1790380800,0.4949,0.4693058002015163,0.5460883995969674,27.5,probe_up,none,heavy inflow,True,True,False,True,True,True,True,2026-09-26 00:00,win,1.923,3.85,2.16,17.0,win,1.438,2.88,2.16,17.0,win,1.453,2.91,2.03,35.0
WLD,impulse,long,-,1790438400,0.541,0.5069161340269094,0.6091677319461813,34.1,imbalance_up,none,heavy inflow,True,True,True,True,True,True,True,2026-09-26 16:00,loss,-1.044,-2.09,1.36,42.0,breakeven,0.458,0.92,1.36,31.0,loss,-1.029,-2.06,0.91,47.0
WLD,impulse_fade,short,-,1790438400,0.541,0.5488838659730906,0.5124,34.1,imbalance_up,none,heavy inflow,True,False,False,True,False,True,False,2026-09-26 16:00,loss,-1.194,-2.39,1.22,1.0,loss,-1.194,-2.39,1.22,1.0,breakeven,0.383,0.77,2.44,15.0
WLD,breakout,long,-,1790510400,0.5787,0.5389785014289183,0.6581429971421633,41.7,imbalance_up,none,heavy inflow,True,True,True,True,True,True,True,2026-09-27 12:00,loss,-1.04,-2.08,0.23,11.0,loss,-1.04,-2.08,0.23,11.0,loss,-1.026,-2.05,0.15,18.0
WLD,impulse,short,-,1790607600,0.4869,0.49729479733521326,0.4661104053295735,42.5,balance,in-against,inflow,True,False,False,False,False,False,False,2026-09-28 15:00,loss,-1.134,-2.27,0.73,2.0,loss,-1.134,-2.27,0.73,2.0,loss,-1.09,-2.18,0.49,3.0
WLD,impulse_fade,long,-,1790607600,0.4869,0.47020520266478677,0.4912,42.5,balance,in-with,inflow,True,True,False,True,True,False,False,2026-09-28 15:00,win,0.17,0.34,0.85,2.0,win,0.17,0.34,0.85,2.0,win,0.193,0.39,0.57,2.0
WLD,grade,long,B+,1790683200,0.5059,0.48059773064062217,0.6511583999999999,28.6,balance,none,neutral,True,True,False,True,False,True,True,2026-09-29 12:00,loss,-1.056,-2.11,0.64,12.0,loss,-1.056,-2.11,0.64,12.0,breakeven,0.464,0.93,1.69,51.0
WLD,shift,short,5/7,1790870400,0.4881,0.5271147555124659,0.3710557334626021,23.6,balance,in-against,heavy outflow,False,False,False,False,True,True,False,2026-10-01 16:00,loss,-1.038,-2.08,0.05,13.0,loss,-1.038,-2.08,0.05,13.0,loss,-1.026,-2.05,0.04,18.0
WLD,impulse,long,-,1790949600,0.5784,0.5650725512842832,0.6050548974314336,19.9,probe_up,none,outflow,False,True,False,True,False,True,False,2026-10-02 14:00,loss,-1.122,-2.24,0.36,1.0,loss,-1.122,-2.24,0.36,1.0,loss,-1.08,-2.16,0.24,4.0
WLD,impulse_fade,short,-,1790949600,0.5784,0.5933274487157169,0.5711,19.9,probe_up,none,outflow,False,False,False,True,True,True,False,2026-10-02 14:00,win,0.37,0.74,1.3,1.0,breakeven,0.4,0.8,1.3,1.0,win,0.4,0.8,0.86,1.0
WLD,breakout,long,-,1790956800,0.5751,0.5582883095279546,0.6087233809440906,21.3,probe_up,none,neutral,False,True,False,True,False,True,False,2026-10-02 16:00,loss,-1.096,-2.19,0.43,2.0,loss,-1.096,-2.19,0.43,2.0,loss,-1.063,-2.13,0.29,3.0
BNB,grade,long,B+,1789401600,722.38,708.7041530315803,727.1233333333333,15.8,balance,near-with,outflow,False,True,False,True,False,False,False,2026-09-14 16:00,win,0.188,0.38,0.39,3.0,win,0.188,0.38,0.39,3.0,win,0.229,0.46,0.46,5.0
BNB,breakout,long,-,1789704000,750.48,734.511176294012,782.4176474119761,18.4,imbalance_up,none,heavy inflow,False,True,True,True,True,False,False,2026-09-18 04:00,win,1.819,3.64,2.08,70.0,breakeven,0.378,0.76,1.38,47.0,win,1.39,2.78,1.97,83.0
BNB,grade,long,B+,1789704000,750.48,732.409852588024,759.405,18.4,imbalance_up,none,heavy inflow,False,True,True,True,True,False,False,2026-09-18 04:00,win,0.365,0.73,0.59,10.0,win,0.365,0.73,0.59,10.0,win,0.398,0.8,0.51,15.0
BNB,breakout,long,-,1790006400,802.81,788.0310881195344,832.3678237609311,35.6,probe_up,none,neutral,True,True,False,True,False,False,False,2026-09-21 16:00,loss,-1.152,-2.3,0.24,10.0,loss,-1.152,-2.3,0.24,10.0,loss,-1.101,-2.2,0.16,45.0
BNB,impulse,short,-,1790175600,766.64,778.8894393432275,742.1411213135449,36.0,balance,in-against,inflow,True,False,False,False,False,False,False,2026-09-23 15:00,loss,-1.178,-2.36,0.73,24.0,loss,-1.178,-2.36,0.73,24.0,loss,-1.119,-2.24,0.49,26.0
BNB,impulse_fade,long,-,1790175600,766.64,755.8605606567725,776.25,36.0,balance,in-with,inflow,True,True,False,True,True,False,False,2026-09-23 15:00,win,0.661,1.32,0.93,17.0,win,0.661,1.32,0.93,17.0,win,0.716,1.43,0.97,24.0
AAVE,grade,long,B+,1788742800,135.55,132.40501211967037,145.0,38.4,probe_up,none,neutral,True,True,False,True,False,True,True,2026-09-07 01:00,loss,-1.121,-2.24,0.24,7.0,loss,-1.121,-2.24,0.24,7.0,loss,-1.08,-2.16,0.16,15.0
AAVE,impulse,short,-,1788876000,127.64,129.4984253860247,123.92314922795059,29.7,probe_down,none,outflow,True,False,False,True,True,False,False,2026-09-08 14:00,loss,-1.194,-2.39,0.0,2.0,loss,-1.194,-2.39,0.0,2.0,loss,-1.13,-2.26,0.0,2.0
AAVE,impulse_fade,long,-,1788876000,127.64,125.7915746139753,128.74,29.7,probe_down,none,outflow,True,True,False,True,False,False,False,2026-09-08 14:00,win,0.381,0.76,0.87,1.0,win,0.381,0.76,0.87,1.0,win,0.434,0.87,0.58,1.0
AAVE,impulse,long,-,1789416000,131.19,128.8835886338327,135.80282273233462,17.4,probe_up,none,heavy inflow,False,True,False,True,True,False,False,2026-09-14 20:00,loss,-1.159,-2.32,0.95,3.0,loss,-1.159,-2.32,0.95,3.0,loss,-1.105,-2.21,0.63,7.0
AAVE,impulse_fade,short,-,1789416000,131.19,132.0664113661673,129.53,17.4,probe_up,none,heavy inflow,False,False,False,True,False,True,False,2026-09-14 20:00,loss,-1.405,-2.81,0.0,1.0,loss,-1.405,-2.81,0.0,1.0,loss,-1.271,-2.54,0.0,1.0
AAVE,breakout,long,-,1789416000,131.19,128.76717726766537,136.03564546466924,17.4,probe_up,none,heavy inflow,False,True,False,True,True,False,False,2026-09-14 20:00,loss,-1.151,-2.3,0.9,3.0,loss,-1.151,-2.3,0.9,3.0,loss,-1.1,-2.2,0.6,8.0
AAVE,breakout,long,-,1789704000,134.42,131.71995219344024,139.8200956131195,20.6,probe_up,none,neutral,False,True,False,True,False,False,False,2026-09-18 04:00,win,1.808,3.62,2.6,10.0,win,1.345,2.69,2.6,10.0,win,1.384,2.77,2.3,21.0
AAVE,grade,long,B+,1789704000,134.42,129.9399043868805,135.67,20.6,probe_up,none,neutral,False,True,False,True,False,False,False,2026-09-18 04:00,win,0.189,0.38,0.5,7.0,win,0.189,0.38,0.5,7.0,win,0.212,0.42,0.33,7.0
AAVE,breakout,long,-,1789790400,142.95,139.76052760513625,149.32894478972747,32.1,imbalance_up,none,inflow,True,True,True,True,True,False,False,2026-09-19 04:00,loss,-1.125,-2.25,1.23,18.0,breakeven,0.383,0.77,1.23,8.0,loss,-1.083,-2.17,0.82,23.0
AAVE,impulse,long,-,1790136000,152.39,148.7815068745341,159.60698625093175,39.7,probe_up,none,neutral,True,True,False,True,False,True,True,2026-09-23 04:00,loss,-1.118,-2.24,0.73,5.0,loss,-1.118,-2.24,0.73,5.0,loss,-1.078,-2.16,0.49,8.0
AAVE,impulse_fade,short,-,1790136000,152.39,155.8084931254659,149.88,39.7,probe_up,none,neutral,True,False,False,True,False,True,False,2026-09-23 04:00,win,0.593,1.19,0.95,2.0,win,0.593,1.19,0.95,2.0,win,0.628,1.26,0.74,5.0
AAVE,breakout,long,-,1790136000,152.39,147.09301374906818,162.9839725018636,39.7,probe_up,none,neutral,True,True,False,True,False,False,False,2026-09-23 04:00,loss,-1.081,-2.16,0.5,8.0,loss,-1.081,-2.16,0.5,8.0,loss,-1.053,-2.11,0.33,11.0
AAVE,grade,long,B+,1790280000,146.85,140.17307962950028,166.57128,26.4,balance,in-against,outflow,True,True,False,False,False,True,True,2026-09-24 20:00,win,2.855,5.71,3.11,109.0,breakeven,0.442,0.88,1.55,84.0,breakeven,0.461,0.92,1.03,84.0
AAVE,impulse,long,-,1790355600,152.93,148.991954382324,160.80609123535203,23.8,probe_up,in-against,neutral,False,True,False,False,False,True,False,2026-09-25 17:00,loss,-1.109,-2.22,1.09,61.0,breakeven,0.398,0.8,1.09,47.0,loss,-1.072,-2.14,0.73,63.0
AAVE,impulse_fade,short,-,1790355600,152.93,156.188045617676,150.18,23.8,probe_up,in-with,neutral,False,False,False,True,False,True,False,2026-09-25 17:00,loss,-1.135,-2.27,0.68,9.0,loss,-1.135,-2.27,0.68,9.0,win,0.729,1.46,0.91,61.0
AAVE,impulse,short,-,1790607600,145.28,147.3015275447928,141.2369449104144,24.4,balance,none,inflow,False,False,False,True,False,False,False,2026-09-28 15:00,loss,-1.203,-2.41,0.5,2.0,loss,-1.203,-2.41,0.5,2.0,loss,-1.136,-2.27,0.33,2.0
AAVE,impulse_fade,long,-,1790607600,145.28,143.08847245520718,146.35,24.4,balance,none,inflow,False,True,False,True,True,False,False,2026-09-28 15:00,win,0.286,0.57,0.51,1.0,win,0.286,0.57,0.51,1.0,win,0.617,1.23,1.13,2.0
AAVE,impulse,long,-,1790668800,163.75,156.28652610019495,178.6769477996101,26.1,probe_up,none,neutral,True,True,False,True,False,True,True,2026-09-29 08:00,win,1.913,3.83,3.14,69.0,breakeven,0.442,0.88,1.63,17.0,breakeven,0.461,0.92,1.08,17.0
AAVE,impulse_fade,short,-,1790668800,163.75,167.49347389980505,157.57,26.1,probe_up,none,neutral,True,False,False,True,False,True,False,2026-09-29 08:00,loss,-1.126,-2.25,0.02,1.0,loss,-1.126,-2.25,0.02,1.0,loss,-1.084,-2.17,0.02,4.0
AAVE,impulse_fade,short,-,1790683200,171.41,174.5432257641047,168.96,27.5,probe_up,none,heavy inflow,True,False,False,True,False,True,False,2026-09-29 12:00,loss,-1.156,-2.31,0.12,2.0,loss,-1.156,-2.31,0.12,2.0,win,0.65,1.3,0.75,5.0
AAVE,breakout,long,-,1790683200,171.41,163.4835484717906,187.26290305641876,27.5,probe_up,none,heavy inflow,True,True,False,True,True,False,False,2026-09-29 12:00,loss,-1.06,-2.12,0.58,13.0,loss,-1.06,-2.12,0.58,13.0,loss,-1.04,-2.08,0.38,15.0
AAVE,impulse_fade,short,-,1790917200,186.26,188.91108197784234,178.0,32.7,imbalance_up,none,neutral,True,False,False,True,False,False,False,2026-10-02 05:00,win,2.817,5.63,3.63,24.0,breakeven,0.321,0.64,2.01,1.0,breakeven,0.381,0.76,1.34,1.0
Gold,impulse,long,-,1788440400,4540.89990234375,4483.986241076898,4654.727224877453,42.0,balance,blocked,inflow,True,True,False,False,True,True,True,2026-09-03 13:00,loss,-1.221,-2.44,0.26,24.0,loss,-1.221,-2.44,0.26,24.0,loss,-1.147,-2.29,0.17,24.0
Gold,impulse_fade,short,-,1788440400,4540.89990234375,4552.013758923102,4493.39990234375,42.0,balance,none,inflow,True,False,False,True,False,True,False,2026-09-03 13:00,loss,-1.985,-3.97,2.68,3.0,breakeven,-0.398,-0.8,2.68,1.0,breakeven,-0.099,-0.2,1.78,1.0
Gold,breakout,long,-,1788451200,4540.7998046875,4494.760249193034,4632.878915676432,40.2,balance,blocked,heavy inflow,True,True,False,False,True,True,True,2026-09-03 16:00,loss,-1.271,-2.54,0.01,21.0,loss,-1.271,-2.54,0.01,21.0,loss,-1.18,-2.36,0.0,21.0
Gold,grade,long,B+,1788451200,4540.7998046875,4463.454099086192,4628.914271763393,40.2,balance,blocked,heavy inflow,True,True,False,False,True,False,False,2026-09-03 16:00,loss,-1.164,-2.33,0.0,21.0,loss,-1.164,-2.33,0.0,21.0,loss,-1.109,-2.22,0.0,21.0
Gold,impulse,short,-,1789585200,4301.2998046875,4310.464105190022,4282.971203682457,14.8,probe_down,none,heavy inflow,False,True,False,True,False,True,False,2026-09-16 19:00,loss,-2.104,-4.21,2.28,1.0,loss,-2.104,-4.21,2.28,1.0,loss,-1.736,-3.47,1.52,1.0
Gold,impulse_fade,long,-,1789585200,4301.2998046875,4287.336187778728,4301.60009765625,14.8,probe_down,none,heavy inflow,False,False,False,True,True,True,False,2026-09-16 19:00,loss,-1.773,-3.55,1.46,1.0,loss,-1.773,-3.55,1.46,1.0,loss,-1.515,-3.03,0.97,1.0
Gold,grade,short,B+,1789588800,4311.39990234375,4401.159240410135,4060.0999755859375,14.8,probe_down,none,heavy outflow,False,True,False,True,True,True,False,2026-09-16 20:00,loss,-1.138,-2.28,0.16,17.0,loss,-1.138,-2.28,0.16,17.0,time,-0.173,-0.35,0.11,168.0
Gold,impulse,short,-,1790172000,4320.39990234375,4336.187129126386,4288.825448778478,12.9,probe_down,none,outflow,False,False,False,True,True,True,False,2026-09-23 14:00,loss,-1.7,-3.4,0.42,12.0,loss,-1.7,-3.4,0.42,12.0,breakeven,0.075,0.15,1.48,24.0
Gold,impulse_fade,long,-,1790172000,4320.39990234375,4308.712773217364,4327.60009765625,12.9,probe_down,none,outflow,False,False,False,True,False,True,False,2026-09-23 14:00,win,-0.386,-0.77,0.9,1.0,win,-0.386,-0.77,0.9,1.0,win,-0.136,-0.27,0.6,1.0
Gold,breakout,short,-,1790179200,4318.2998046875,4345.0581665639575,4264.783080934585,14.1,probe_down,none,heavy outflow,False,False,False,True,True,False,False,2026-09-23 16:00,loss,-1.435,-2.87,1.31,43.0,breakeven,0.105,0.21,1.31,21.0,win,1.151,2.3,2.05,107.0
Gold,breakout,short,-,1790611200,4156.39990234375,4190.618871213303,4087.961964604645,31.9,imbalance_down,none,heavy outflow,True,True,True,True,True,True,True,2026-09-28 16:00,loss,-1.334,-2.67,0.28,20.0,loss,-1.334,-2.67,0.28,20.0,loss,-1.223,-2.45,0.19,27.0
Gold,impulse,long,-,1790773200,4240.2001953125,4226.356812306984,4267.886961323533,34.6,balance,none,outflow,True,False,False,True,False,False,False,2026-09-30 13:00,loss,-1.769,-3.54,0.26,1.0,loss,-1.769,-3.54,0.26,1.0,loss,-1.512,-3.02,0.17,1.0
Gold,impulse_fade,short,-,1790773200,4240.2001953125,4258.743285349266,4234.0,34.6,balance,none,outflow,True,True,False,True,True,False,False,2026-09-30 13:00,win,-0.295,-0.59,1.48,1.0,breakeven,-0.043,-0.09,1.48,1.0,win,-0.13,-0.26,0.99,1.0
Silver,impulse,long,-,1788440400,67.26000213623047,66.55911883444575,68.6617687397999,28.7,balance,in-against,inflow,True,False,False,False,True,False,False,2026-09-03 13:00,loss,-1.264,-2.53,1.07,24.0,breakeven,0.257,0.51,1.07,13.0,loss,-1.175,-2.35,0.71,24.0
Silver,impulse_fade,short,-,1788440400,67.26000213623047,67.60087719826909,66.79499816894531,28.7,balance,in-with,inflow,True,False,False,True,False,False,False,2026-09-03 13:00,win,0.722,1.44,1.75,1.0,breakeven,0.025,0.05,1.75,1.0,breakeven,0.183,0.37,1.17,1.0
Silver,grade,long,B+,1788451200,67.69499969482422,66.51744975768743,68.44499969482422,27.5,balance,none,heavy inflow,True,False,False,True,True,False,False,2026-09-03 16:00,loss,-1.16,-2.32,0.1,21.0,loss,-1.16,-2.32,0.1,21.0,loss,-1.106,-2.21,0.07,21.0
Silver,impulse,long,-,1788962400,67.98500061035156,67.5793545632395,68.79629270457568,16.4,probe_up,none,inflow,False,True,False,True,True,True,False,2026-09-09 14:00,win,1.395,2.79,2.11,1.0,breakeven,0.089,0.18,2.11,1.0,breakeven,0.226,0.45,1.4,1.0
Silver,impulse_fade,short,-,1788962400,67.98500061035156,68.73065062474878,67.80000305175781,16.4,probe_up,none,inflow,False,False,False,True,False,True,False,2026-09-09 14:00,loss,-1.255,-2.51,0.0,1.0,loss,-1.255,-2.51,0.0,1.0,win,0.054,0.11,0.62,2.0
Silver,impulse,short,-,1789045200,64.57499694824219,66.33138174918616,61.062227346354234,20.8,probe_down,blocked,heavy outflow,False,False,False,False,True,False,False,2026-09-10 13:00,time,-0.921,-1.84,1.0,168.0,breakeven,0.405,0.81,1.0,157.0,time,-0.614,-1.23,0.67,168.0
Silver,impulse_fade,long,-,1789045200,64.57499694824219,64.20861916634118,66.08499908447266,20.8,probe_down,near-with,heavy outflow,False,True,False,True,False,False,False,2026-09-10 13:00,loss,-1.468,-2.94,2.4,6.0,breakeven,0.07,0.14,2.4,1.0,breakeven,0.213,0.43,1.6,1.0
Silver,breakout,short,-,1789056000,64.875,65.85953117608346,62.90593764783307,20.6,probe_down,blocked,heavy outflow,False,False,False,False,True,True,False,2026-09-10 16:00,win,1.754,3.51,2.01,90.0,breakeven,0.332,0.66,1.31,17.0,breakeven,0.388,0.78,1.11,21.0
Silver,impulse,long,-,1789650000,66.0,65.22425954726944,67.55148090546112,19.5,balance,none,neutral,False,False,False,True,False,True,False,2026-09-17 13:00,win,1.679,3.36,2.04,19.0,win,1.241,2.48,2.04,19.0,breakeven,0.355,0.71,1.53,113.0
Silver,impulse_fade,short,-,1789650000,66.0,66.36073953720322,65.46499633789062,19.5,balance,none,neutral,False,True,False,True,False,True,False,2026-09-17 13:00,loss,-1.488,-2.98,0.54,2.0,loss,-1.488,-2.98,0.54,2.0,loss,-1.326,-2.65,0.36,2.0
Silver,breakout,long,-,1789660800,66.41000366210938,64.96094939742618,69.30811219147577,19.5,probe_up,blocked,heavy inflow,False,False,False,False,True,False,False,2026-09-17 16:00,loss,-1.128,-2.26,1.12,142.0,breakeven,0.381,0.76,1.12,136.0,loss,-1.085,-2.17,0.75,155.0
Silver,breakout,short,-,1790265600,63.7400016784668,64.16702362616988,62.88595778306063,21.9,imbalance_down,none,heavy outflow,False,False,True,True,True,True,False,2026-09-24 16:00,loss,-1.404,-2.81,0.21,1.0,loss,-1.404,-2.81,0.21,1.0,loss,-1.27,-2.54,0.14,1.0
Silver,breakout,short,-,1790784000,60.52000045776367,61.02986950618971,59.50026236091159,31.8,probe_down,none,heavy outflow,True,True,False,True,True,True,True,2026-09-30 16:00,loss,-1.327,-2.65,0.43,10.0,loss,-1.327,-2.65,0.43,10.0,loss,-1.218,-2.44,0.28,11.0
Silver,impulse,long,-,1790946000,62.05500030517578,61.72770325519557,62.7095944051362,25.3,balance,none,neutral,True,False,False,True,False,True,False,2026-10-02 13:00,loss,-1.501,-3.0,1.03,1.0,loss,-1.501,-3.0,1.03,1.0,loss,-1.333,-2.67,0.69,1.0
Silver,impulse_fade,short,-,1790946000,62.05500030517578,62.642295676689194,61.91999816894531,25.3,balance,none,neutral,True,True,False,True,False,True,True,2026-10-02 13:00,win,-0.072,-0.14,0.86,1.0,win,-0.072,-0.14,0.86,1.0,win,0.008,0.02,0.58,1.0
Silver,impulse,short,-,1790956800,60.06999969482422,60.482665048956235,59.244668986560185,26.3,probe_down,none,heavy outflow,True,True,False,True,True,True,True,2026-10-02 16:00,loss,-1.395,-2.79,0.0,1.0,loss,-1.395,-2.79,0.0,1.0,loss,-1.264,-2.53,0.0,3.0
Silver,impulse_fade,long,-,1790956800,60.06999969482422,59.76233388292853,60.2599983215332,26.3,probe_down,none,heavy outflow,True,False,False,True,False,True,False,2026-10-02 16:00,win,0.046,0.09,1.35,1.0,breakeven,0.028,0.06,1.35,1.0,win,0.188,0.38,0.9,1.0
Silver,breakout,short,-,1790956800,60.06999969482422,60.70533177637926,58.799335531714135,26.3,probe_down,none,heavy outflow,True,True,False,True,True,False,False,2026-10-02 16:00,loss,-1.263,-2.53,0.0,3.0,loss,-1.263,-2.53,0.0,3.0,loss,-1.176,-2.35,0.0,4.0
Platinum,impulse,long,-,1788440400,1811.800048828125,1787.9873529820013,1859.4254405203724,22.5,imbalance_down,in-against,inflow,False,True,False,False,True,False,False,2026-09-03 13:00,loss,-1.211,-2.42,1.31,24.0,breakeven,0.305,0.61,1.31,14.0,win,1.326,2.65,3.03,145.0
Platinum,impulse_fade,short,-,1788440400,1811.800048828125,1817.8126958461237,1793.800048828125,22.5,imbalance_down,in-with,inflow,False,False,True,True,False,False,False,2026-09-03 13:00,loss,-1.761,-3.52,2.3,2.0,breakeven,-0.193,-0.39,2.3,1.0,breakeven,0.038,0.08,1.53,1.0
Platinum,impulse_fade,short,-,1788447600,1823.699951171875,1829.5126470179987,1814.5999755859375,22.5,imbalance_down,none,inflow,False,False,True,True,False,True,False,2026-09-03 15:00,loss,-1.788,-3.58,0.22,1.0,loss,-1.788,-3.58,0.22,1.0,loss,-1.526,-3.05,0.15,1.0
Platinum,breakout,long,-,1788451200,1839.9000244140625,1809.1014254877791,1901.4972222666293,22.2,balance,blocked,heavy inflow,False,True,False,False,True,False,False,2026-09-03 16:00,loss,-1.167,-2.33,0.0,12.0,loss,-1.167,-2.33,0.0,12.0,loss,-1.11,-2.22,0.0,21.0
Platinum,grade,long,B+,1788465600,1829.0999755859375,1791.644071059779,1883.4500122070312,22.0,balance,blocked,inflow,False,True,False,False,True,True,False,2026-09-03 20:00,loss,-1.137,-2.27,0.23,17.0,loss,-1.137,-2.27,0.23,17.0,win,1.119,2.24,1.65,138.0
Platinum,impulse,long,-,1788962400,1912.800048828125,1870.8454862264753,1996.7091740314245,15.0,probe_up,none,inflow,False,True,False,True,True,False,False,2026-09-09 14:00,loss,-1.128,-2.26,0.54,20.0,loss,-1.128,-2.26,0.54,20.0,loss,-1.085,-2.17,0.36,21.0
Platinum,impulse_fade,short,-,1788962400,1912.800048828125,1930.9545626016497,1876.800048828125,15.0,probe_up,none,inflow,False,False,False,True,False,False,False,2026-09-09 14:00,loss,-1.292,-2.58,0.1,1.0,loss,-1.292,-2.58,0.1,1.0,win,1.258,2.52,2.25,21.0
Platinum,breakout,long,-,1788969600,1919.5,1855.6450483254516,2047.2099033490967,17.8,imbalance_up,none,heavy inflow,False,True,True,True,True,True,False,2026-09-09 16:00,loss,-1.084,-2.17,0.1,19.0,loss,-1.084,-2.17,0.1,19.0,loss,-1.056,-2.11,0.07,21.0
Platinum,grade,long,A+,1788969600,1919.5,1888.8568691230585,2135.0499267578125,17.8,imbalance_up,none,heavy inflow,False,True,True,True,True,False,False,2026-09-09 16:00,loss,-1.174,-2.35,0.21,9.0,loss,-1.174,-2.35,0.21,9.0,loss,-1.116,-2.23,0.14,16.0
Platinum,impulse,short,-,1789045200,1812.300048828125,1827.0026510665723,1782.8948443512304,22.4,balance,blocked,inflow,False,False,False,False,False,False,False,2026-09-10 13:00,loss,-1.338,-2.68,0.27,1.0,loss,-1.338,-2.68,0.27,1.0,breakeven,0.296,0.59,1.73,24.0
Platinum,impulse_fade,long,-,1789045200,1812.300048828125,1798.1974221756152,1819.9000244140625,22.4,balance,near-with,inflow,False,True,False,True,True,False,False,2026-09-10 13:00,win,0.156,0.31,1.01,1.0,breakeven,0.179,0.36,1.01,1.0,win,0.252,0.5,0.67,1.0
Platinum,impulse,short,-,1790172000,1756.9000244140625,1775.1672185887494,1720.3656360646887,13.2,probe_down,none,outflow,False,False,False,True,True,False,False,2026-09-23 14:00,loss,-1.268,-2.54,0.62,3.0,loss,-1.268,-2.54,0.62,3.0,loss,-1.179,-2.36,0.42,3.0
Platinum,impulse_fade,long,-,1790172000,1756.9000244140625,1743.4328790675006,1769.300048828125,13.2,probe_down,none,outflow,False,True,False,True,False,False,False,2026-09-23 14:00,win,0.508,1.02,4.72,3.0,breakeven,0.175,0.35,4.72,3.0,breakeven,0.283,0.57,3.15,3.0
Platinum,breakout,short,-,1790179200,1747.0999755859375,1783.6140809993626,1674.0717647590873,14.1,probe_down,none,heavy outflow,False,False,False,True,True,False,False,2026-09-23 16:00,loss,-1.137,-2.27,0.06,1.0,loss,-1.137,-2.27,0.06,1.0,loss,-1.092,-2.18,0.04,1.0
Platinum,impulse,short,-,1790607600,1729.300048828125,1736.5051410495184,1714.8898643853381,13.2,imbalance_down,none,outflow,False,False,True,True,True,False,False,2026-09-28 15:00,loss,-1.623,-3.25,0.07,1.0,loss,-1.623,-3.25,0.07,1.0,loss,-1.416,-2.83,0.04,2.0
Platinum,impulse_fade,long,-,1790607600,1729.300048828125,1720.6948101223566,1730.5999755859375,13.2,imbalance_down,none,outflow,False,False,False,True,False,False,False,2026-09-28 15:00,win,-0.393,-0.79,0.8,1.0,win,-0.393,-0.79,0.8,1.0,win,-0.246,-0.49,0.53,1.0
Platinum,shift,long,5/7,1790856000,1741.4000244140625,1707.0145935440314,1844.556317024156,25.5,balance,none,outflow,True,False,False,True,False,True,False,2026-10-01 12:00,loss,-1.142,-2.28,0.47,28.0,loss,-1.142,-2.28,0.47,28.0,loss,-1.094,-2.19,0.31,28.0
Palladium,impulse,long,-,1788447600,1420.0,1395.6458904237065,1468.708219152587,15.9,probe_up,in-against,neutral,False,True,False,False,False,True,False,2026-09-03 15:00,loss,-1.163,-2.33,0.89,22.0,loss,-1.163,-2.33,0.89,22.0,loss,-1.108,-2.22,0.59,118.0
Palladium,impulse_fade,short,-,1788447600,1420.0,1425.3541095762935,1401.0,15.9,probe_up,in-with,neutral,False,False,False,True,False,False,False,2026-09-03 15:00,loss,-1.681,-3.36,0.79,1.0,loss,-1.681,-3.36,0.79,1.0,loss,-1.454,-2.91,0.53,1.0
Palladium,impulse_fade,short,-,1788451200,1439.5,1445.596673177987,1420.0,17.1,probe_up,near-with,heavy inflow,False,False,False,True,False,True,False,2026-09-03 16:00,win,2.252,4.5,2.76,13.0,win,1.373,2.75,2.76,13.0,win,1.542,3.08,4.38,21.0
Palladium,breakout,long,-,1788451200,1439.5,1419.3066536440263,1479.8866927119475,17.1,probe_up,blocked,heavy inflow,False,True,False,False,True,False,False,2026-09-03 16:00,loss,-1.198,-2.4,0.13,15.0,loss,-1.198,-2.4,0.13,15.0,loss,-1.131,-2.26,0.09,21.0
Palladium,grade,long,B+,1788483600,1432.5,1382.6470152340196,1465.2999877929688,19.5,imbalance_up,blocked,inflow,False,True,True,False,True,True,False,2026-09-04 01:00,loss,-1.08,-2.16,0.07,108.0,loss,-1.08,-2.16,0.07,108.0,loss,-1.053,-2.11,0.05,119.0
Palladium,impulse,short,-,1789045200,1307.5,1331.9951571217784,1258.509685756443,18.2,probe_down,blocked,outflow,False,False,False,False,True,False,False,2026-09-10 13:00,loss,-1.152,-2.3,0.85,22.0,loss,-1.152,-2.3,0.85,22.0,time,-0.105,-0.21,0.92,168.0
Palladium,impulse_fade,long,-,1789045200,1307.5,1300.5048428782216,1327.0,18.2,probe_down,near-with,outflow,False,True,False,True,False,False,False,2026-09-10 13:00,loss,-1.494,-2.99,1.55,4.0,breakeven,0.046,0.09,1.35,1.0,breakeven,0.197,0.39,1.03,3.0
Palladium,breakout,short,-,1789056000,1303.5,1337.1874346547313,1236.1251306905374,20.6,probe_down,blocked,heavy outflow,False,False,False,False,True,False,False,2026-09-10 16:00,loss,-1.112,-2.22,0.51,22.0,loss,-1.112,-2.22,0.51,22.0,time,-0.057,-0.11,0.6,168.0
Palladium,breakout,long,-,1789718400,1340.5,1324.4465643764963,1372.6068712470073,17.4,probe_up,blocked,neutral,False,False,False,False,False,False,False,2026-09-18 08:00,loss,-1.231,-2.46,0.32,6.0,loss,-1.231,-2.46,0.32,6.0,loss,-1.153,-2.31,0.21,6.0
Palladium,breakout,short,-,1790164800,1278.5,1299.7508165323288,1235.9983669353423,12.0,probe_down,none,heavy outflow,False,True,False,True,True,True,False,2026-09-23 12:00,loss,-1.171,-2.34,0.7,5.0,loss,-1.171,-2.34,0.7,5.0,win,1.365,2.73,2.02,122.0
Palladium,grade,short,B+,1790164800,1278.5,1300.9116306344404,1244.25,12.0,probe_down,none,heavy outflow,False,True,False,True,True,False,False,2026-09-23 12:00,loss,-1.162,-2.32,0.67,5.0,loss,-1.162,-2.32,0.67,5.0,win,1.142,2.28,1.5,116.0
Palladium,breakout,short,-,1790611200,1218.5,1235.0300241956925,1185.439951608615,23.9,imbalance_down,none,heavy outflow,False,True,True,True,True,False,False,2026-09-28 16:00,loss,-1.208,-2.42,0.66,20.0,loss,-1.208,-2.42,0.66,20.0,loss,-1.139,-2.28,0.44,21.0
Palladium,breakout,short,-,1790870400,1181.5,1192.4160031472086,1159.6679937055828,30.3,imbalance_down,none,heavy outflow,True,True,True,True,True,False,False,2026-10-01 16:00,loss,-1.299,-2.6,0.17,2.0,loss,-1.299,-2.6,0.17,2.0,loss,-1.2,-2.4,0.95,16.0
